Comment,Type,Predicted_Type
如果你不喜欢这部电影说明他不是为你准备的故事的终章是为读过故事的人准备的,好评,na
我是一个90后我曾经很羡慕上一代人40年前的观众他们的影院里有星战正传三部曲的落幕20年前的观众能在影院里看到指环王系列的终章影迷们的悲欢并不相通但现在我们也有了共同的记忆漫威电影宇宙谢谢你复仇者联盟,好评,na
"托尼说好要回归家庭陪伴家人可最终还是选择了重出江湖因为责任和使命因为我是钢铁侠
美队曾经错过了和卡特的约会错过陪伴卡特的70年后来又出席卡特的葬礼亲自送挚爱上路感谢导演给了他一个完美的结局
黑寡妇高尚豪迈英勇无畏和钢铁侠并列最伟大的复仇者
雷神和母亲好好告别托尼和父亲握手言和让人热泪盈眶
美队弥补了一生中最大的遗憾
班纳和浩克和解
鹰眼与家人团聚
黑寡妇没有家人因为复仇者就是她的家人
结局太完美也太催泪了
复联3化灰英雄集体回归的一幕气势磅礴荡气回肠规模相比复联3提高了至少五倍
尤其是妇联出场太惊艳了完美诠释女性力量
十一年布局22部电影在复联4画上圆满的句号
借用摩根史塔克的话漫威我爱你三千遍",好评,na
钢铁侠成为了美队美队活成了钢铁侠,好评,na
谁能想到是一只老鼠拯救了地球呢,好评,na
献给我人生中最美好的十一年谢谢你漫威谢谢你让我的青春有了一个最完美的结局,好评,na
五星全给黑寡妇她是最伟大的复仇者,好评,na
"I AM IRONMAN 
既是开始也是结束谢谢钢铁侠谢谢漫威给我们带来的欢笑泪水感动以及爱你的3000个日日夜夜",好评,na
I AM IRONMAN,好评,na
凡人之躯 比肩神明 最后真的泪目,好评,na
用三个小时的时间与大家告别是集结是重聚是告别是牺牲作为系列的最终篇确实已经努力做到最好了有笑点有泪点也有燃点这个世代结束了下个世代再会,好评,na
搞不懂惊队吹这么久是为什么啥感觉就是打了个酱油,好评,na
对某人而言这就叫有始有终吧这个时代的星战90后终于有长达十年的情怀和回忆了说了几句真话被人攻击改的评论,好评,na
I love you three thousand times,好评,na
"不剧透说一下我看复联4的经历
为了看复联4的零点场我平时省吃俭用终于抢到了几百块钱的皇帝座晚上还要翻墙出学校去电影院看完了以后还要早起去上课为了看复联4我也是拼了
此生无悔入漫威",好评,na
我有一个疑问一切回到五年前又不改变这五年发生的一切那么问题来了那些失去妻子或者丈夫的又重新与别人相爱了现在原配回来了这怎么处理呀,好评,na
"其实开头是一起宝石引发的血案农民灭伯伯正在煮东西吃被一帮亡命之徒闯入还没有反应过来被大腹便便男子一斧头砍断手最后被一群不法分子围殴致死太惨了
Great job for Marvel Studios 如同魔戒一样悲喜交加结局才是最完美的完结就是要疯狂致敬某公司给我好好看好好学如何用22部电影铺垫一位史诗角色的陨落这才叫生的光荣死得其所而不是直接把王炸甩出去Avengers4商业成功让所有的漫改电影都黯然失色MCU成功继承了21世纪初XCU和TDK的衣钵将美漫文化发扬光大作为历史最成功的超级反派灭霸罗素兄弟和凯文费奇居功至伟MCU发展历程就如同一个屌丝逆袭为高富帅在好莱坞这片神奇地方英雄不问出处MCU宇宙毫无疑问称得上其他电影宇宙学习借鉴的一个标杆尺度",好评,na
队长与爱人横亘七十年不能共舞蚁人与女儿分隔五年未能相见钢铁侠邂逅父亲期盼新生雷神遇见母亲不忍分别时间会给爱情设置衰老的考验给生命带来变化的乐趣会让未尽千言凝成一个拥抱让遗憾万般聚成一场话别天神拥有肉身超能沦为凡胎你是一千四百万分之一的胜利是三千遍仍未尽的爱,好评,na
我爱 小罗伯特唐尼  克里斯埃文斯  克里斯海姆斯沃斯  杰瑞米雷纳  马克鲁弗洛  斯嘉丽约翰逊  以及漫威所有的人十年青春感谢有你此生不悔,好评,na
复仇者联盟4全员蚁人,好评,na
七刷午夜场首映观毕全场掌声雷动肆意狂欢私心完美的史诗终结篇但内心却是七荤八素五味杂陈在这一刻情怀可以暂时性的战胜一切是一次总结也更像是一次酝酿许久的毕业巡礼热血呐喊震撼共鸣感动不舍与怀念11年22部电影积累的所有按耐已久的情绪这在一刻得到彻底的释放与宣泄多年来一切独属于漫威的记忆犹如昨日重现历历在目感谢漫威给了我们广大超英影迷最美好最弥足珍贵的十年每段旅程都有终点辉煌永存过去未来来日可期传奇暂时靠岸停歇但故事远远没有结束期待下一个十年甚至是二十年来日方长不说再见～,好评,na
用多线剧情给自己过去的十年做总结漫威这波操作很官方了虽然有几处戳泪的剧情节点也算不破不立吧看看后半段大战里那些眼花缭乱的角色感觉轻轻松松再拍个十年也没啥大问题处处透露着一边给你递纸巾一边给你展望未来蓝图的野心不过上一部仓促登场的惊奇队长有点保存实力的意思大部分高光时刻都给了初代六位角色与过去告别观众与角色告别也算是非常好的谢幕了不少段落的怀旧范儿也很深得我心包括对之前十年剧情的回溯另外结合复联3来看灭霸也算是超英电影里诞生的又一个非典型反派动机太哲学了这魅力都快赶上隔壁小丑就是造型输点儿明显比以往大奸大恶的单细胞反派高出几个等级给特写的时候差点给人看哭了有点壮志未酬的悲情总之站在他角度看完全又是另一番滋味漫威不拍一部灭霸传着实可惜了,好评,na
"始于钢铁侠终于钢铁侠
晚安我爱你三千遍",好评,na
一定要刷IMAX版在被雷神妈妈多吃点儿素和傲娇蚁人你才在重复说你说过的话你才等段子逗乐之余复联4带我们漂泊于理智与情感的回忆长河从第一秒就注定感伤黑寡妇如果你让我积极的面对生活我就把三明治砸你脸上鹰眼不要给我希望雷神生命中唯一的永恒就是生命的无常钢铁侠你玩弄时间时间就会玩弄你队长 ta有家人吗 有吧就是我们了止不住的热泪盈眶只要有人牵挂过去就不会接受未来 十年前钢铁侠出来时的惊艳远远没想到它只是一个小开始漫威宇宙大到让人猝不及防看这部的时候在想再过10年30年这里面的英雄成为过去和经典再回忆会是怎样的感慨万千再见了超级英雄~,好评,na
其实我一直不喜欢复联13尤其对过度拥挤的战斗场面审美疲劳复联4于我来说是一种巨大的解脱它不再仰仗战斗场面而是有足够的时间来处理上一集所带来的影响你在凝视着时间时间也在凝视着你这一集是整个漫威宇宙的顶点也是漫威十一年旅程的暂告一段落像一场告别牵动着观众对他们喜欢的角色和故事的记忆跟情感经历,好评,na
一桶爆米花吃了11年突然没彩蛋的漫威还真不习惯再见英雄们~罗素兄弟可以试试拍文艺片,好评,na
星际大联欢节奏把控得真好武戏利落文戏精练笑点插得自然又精准三个小时完全不显冗长最喜欢的是这回整个故事的落脚点再没有英雄责任之类的长篇说教有的只是想在时间长河中追回失物追回所爱的炽热心情毕竟最动人的故事不是拯救世界永远是人与人之间的相遇和离别啊,好评,na
B+漫威前所未有的复杂剧本前所未有的史诗大战前所未有的英雄悲歌可以说直到复联4漫威才真正发挥出电影宇宙设定的魅力一种跨越银幕内外的时代沧桑甚至在其强大的情感力量面前一切瑕疵和遗憾都可以被原谅了,好评,na
"看到一半电影院停电 也是6死了
2刷才发现 黑寡妇才是值得尊重 其他人都要放弃的时候 她坚持在基地 
一分钟后见
平安回来",好评,na
最后还是有彩蛋的最后logo出现时有敲打铁器的声音在我的记忆里那个声音来自钢铁侠1中的那个山洞最后绯红女巫身后的男孩应该来自钢铁侠3不知道说什么好过去的11年突然有了更深更复杂的意义一生能够看到一部这样的电影很值了,好评,na
今年也要毕业了漫威这代结束了TBBT也结束了权游也结束了终要离别,好评,na
想打五星也想给一星,好评,na
买到了复联4预售票一个人去电影院凌晨三点多看完电影一个人回去很酷吧所有你看过的剧情猜测都是错的所有的伏笔和细节都圆满了我的初心六人组最后都获得了完美的归宿不剧透什么祝每一个在生活中一腔孤勇的我们观影愉快,好评,na
"我永远地失去了我的英雄
但他直到死的那一刻也是让所有人敬仰的英雄
谢谢让托尼遇到了霍华德
谢谢让史蒂夫赶上了他的约会
谢谢让索尔见到了弗丽嘉
谢谢队长的avengers assemble
感谢圆了他们的梦也感谢圆了我的梦
感谢有你们的这些年
但是终究还是意难平了我的初代我真希望你们都有一个美好的结局",好评,na
1我的漫威电影之旅从钢铁侠开始也是从那一刻开始他成了我最喜欢的漫威角色2影片精巧串联了系列作品前面不疾不徐铺排线索最后恢宏磅礴高潮迭起非常满意数次热泪盈眶3对于自己而言这是一场告别一个完美的完结,好评,na
粉丝看了落泪路人看了爆笑腐女看了高潮直男看了热血漫威粉看了鼓掌DC粉看了抱拳,好评,na
愿每个人都能成为自己平凡之路上的超级英雄,好评,na
漫威宇宙电影院播放的电视剧的阶段性大结局除了片尾回顾角色以外在逆转未来时空穿越的过程中就完成了一次过往演员的大集结甚至包括娜塔莉波特曼等本不会再出现的人物解释了上一集留下的大bug在大家想象到的结局内有不断的惊喜在从第15分钟出片名开始就有卧槽到后面卧槽不断没有彩蛋看完了片尾字幕最后我爱你3000次,好评,na
1 > 4 > 2 > 3,好评,na
"1我觉得就我个人而言应该是漫威最好的一部因为完成了十年的收官做到了为所有人补全属于自己的那一面不留遗憾
2这电影不太符合豆瓣电影欣赏水平吧但是在我们这个年代这样现象级的电影是很完美的算是青春吧
3如果你觉得不好看那说明确实不是拍给你看的
4CP女孩哭泣之夜
5爱你三千遍",好评,na
为了造各种情绪效果为了剧情必须走向某个点为了让某些人活或死故事已经无视逻辑了为此只能送两个字春晚,好评,na
里程碑意义之作节奏紧凑情绪跌宕战争场面宏大壮观各种跨时空前后呼应让人惊喜连连时间旅行的解释和执行都够干脆利落全程无瑕疵笑点和悲情处都足够分量因漫长的铺垫而愈加隽永及挥散不去的惆怅惊叹漫威能把超级英雄电影系列拍到如此程度这本身就是一场超现实版的终极成人童话,好评,na
最终能做到这样已经是很棒的一部阶段尾声作品了感觉信息量都要爆掉有燃到炸裂的爽翻天也有难以阻挡的告别再见未来还要再见,好评,na
1年前立flag要以研究生身份来看这电影我做到了感谢漫威i love you three  thousands times~,好评,na
"朋友们你们还在这里么你们还记得复仇者联盟么

你们过得还好么

十多年了当我偶尔遇到一个陌生人发现他也看超级英雄电影时我会欣喜若狂与他畅谈半天

尽管他看的是DC

不看漫威怎会懂它带给我们的感动

复仇者联盟4上映的那一天与那么多漫威粉丝欢聚一堂已经值回票价了",好评,na
"Im iron man
我爱你三千遍",好评,na
结局真的挺意外的美队和钢铁侠之间的情愫寡姐与鹰眼之间的感情还有发生巨大变化的雷神和绿巨人搞笑担当的蚁人和银河护卫队都是电影中最靓丽的风景线每个传奇都有终点正所谓善始善终我觉得漫威做到了离别是为了下一次能更好的再见我相信有些时候说了再见就一定会再见谢谢漫威谢谢你们Avengers敲到这里不知怎的眼泪悄无声息的流下来了这种感觉可能只有影迷们才会明白吧十年青春十年漫威十年变化很大十年我从一个什么也不懂的孩子变成了青年十年我得到了至爱又失去了爱情十年真的能让一个人改变很多哎想说的话太多哎真的很感谢你们真的,好评,na
"11年历经21部电影的铺垫终于迎来最后的高潮并且将它们全部串联在一起这是史无前例的壮举令人难以置信
笑着笑着就哭了哭着哭着又笑了
以I am Iron Man开始又以I am Iron Man结束史蒂夫也赶上了约会圆了人生最大的遗憾这是最好的漫威最好的复联此生不悔入漫威
AvengersAssemble原以为复联3中瓦坎达大战就足够令人震撼但这里还比瓦坎达大战强十倍史诗般的大决战场面MCU中的巅峰之战超级无敌燃
永远的A 6感谢你们给我们带来的力量和信仰欢乐和悲伤惊喜和感动我爱每一位超级英雄我爱你们三千遍
唯一不满的一点辣鸡罗素还我托尼斯塔克",好评,na
老三巨头谢幕为什么铁人要拿最高片酬美队最强地球人实锤70年前那支舞终究兑现了论中年大叔的垮掉从有啤酒肚开始反派终于面目可憎了女权主义者的盛宴女巫最赞不接受反驳对漫画有呼应和斯坦李最后一次出境了前作里的伏笔也基本上都接上了作为21部一路看过来的人表示挺圆满的了,好评,na
You can rest now 太过沉重的结局各种意义上的见证了一个时代的结束,好评,na
最好的漫威最好的复仇者们,好评,na
"雷神没退休
死肥宅天下第一
堡垒之夜天下第一
反复痛击星爵引满室喝彩
时间穿梭严重违反祖父悖论时间线应该属于不同的平行宇宙
不存在每个人永远消失既然开了一次时间秘籍过去的人是可以穿越回来的
你是这十年漫威最伟大的英雄
爱你三千遍千千万万年",好评,na
真不好划分什么叫剧透那么就单纯表白一下我最爱的美队吧尽管他的一生大部分时间都是悲剧可他一直是那个激励别人的人仿佛他不会有丝毫脆弱就像灭霸打完响指之后有的人沉沦有的人自责有的人逃避他却带着微笑鼓励每一个普通人move on实际上他才是那个永远无法move on的人他一直活在过去虽然他有了那么多新朋友有那么多人需要他但他毕生所求无非是兑现那一支舞的承诺,好评,na
从来没有哪一部电影打怪需要开这么多主角光环呐同样一波怪复联一五个人就打了编制严重冗余你们港是不是这个道理,好评,na
复联4之颜值大逆转惊队之前有多丑现在就有多帅雷神之前有多帅现在就有多丑影片质量不用多说史诗高燃悲壮,好评,na
想要的都给足了害怕的都没发生在预料范围内情怀杀吃到饱比肩指环王的最后一战没有遗憾了铁人粉知足了MVP送给美队,好评,na
应该说故事的走向和人物的结局和我猜的差不多后半个小时影院里好几个女生已经哭的泣不成声了我对影片倒没啥特别的感受只是回想起看钢铁侠1时正好是大学的毕业季也是不由得感慨什么东西加上时间这一纬度意义立即就变了啊,好评,na
抹完眼泪还是想说Lebowski的梗我能笑一年,好评,na
"我爱所有的初代复仇者们真的不忍心就这样终结了漫威创造了你们你们也成就了今天的漫威感谢你们给了我们如此美好的青春记忆love you all
寡姐就值一个5星了i used to be alone 
then i got a family爆哭´`",好评,na
最后还是有彩蛋的最后logo出现时有敲打铁器的声音在我的记忆里那个声音来自钢铁侠1中的那个山洞最后绯红女巫身后的男孩应该来自钢铁侠3不知道说什么好过去的11年突然有了更深更复杂的意义一生能够看到一部这样的电影很值了,好评,na
漫威十年岁在己亥暮春之初会于世界各地之影院修禊事也群贤毕至少长咸集仰观宇宙时空之随意穿越俯察超级英雄之数量众多所以游目骋怀足以极视听之娱信可乐也,好评,na
泪别英雄的同时别忘了那只老鼠没有它后面一切都是扯淡这是一次串起此前多部电影情节点满情怀燃泪齐飞的严重粉丝向落幕普通观众观影压力甚大请尽可能重温之前的21部电影尤其是复仇者联盟雷神2美国队长2奇异博士银河护卫队复仇者联盟3蚁人2 文戏相当走心但对于一个文戏占绝对比重的落幕片来说本片的最后一战虽然很燃却有种达不到尽情释放的遗憾许多英雄只是大景别里的一个模糊身影一闪而过冲着罗素兄弟一贯的高水准动作戏去期待是会有些落差的 910,好评,na
故事和超级英雄都有落幕的那一天旧的故事业已结束新的故事正要开场让我们在回忆的小径上多走几步旧友重相逢想做超级英雄的人成为了真正的超级英雄失落的时光也在另一个平行宇宙被重新拾起没有比这更好的结局了,好评,na
穿越往昔场景是对漫威电影十一年历程的一次大回顾兼具情怀与笑点能充分享受每一个或曾淡忘的细节夺回消逝的战友再度集结起全明星阵容时所有铺垫随情感在此一刻爆发开来当年六人小队如今千军万马走到这一步戏里戏外都堪称奇迹两大支柱双双谢幕标志着一个时代的终结虽说旧的不去新的不来但复联4已经像是划下句号般遗憾而圆满很难再以与过去相同的心情去期待今后MCU的展开了,好评,na
复仇者联盟之漫长的告别勒保斯基的梗我能笑一天,好评,na
零点场全球第一批观众之一天啊我要给罗素兄弟疯狂打call我相信所有漫威迷们你们想得到想不到的一切在这里你都可以看到哭过笑过十年一梦Each and everyone gets a closure about past about current about future 这是真正的史诗已经很难在电影范畴来评价它了这完全是给所有漫威粉丝的tribute全片到处都是梗真的是要补全全部MCU过往电影才能理解啊然后最后也终于说出了那句这么多年来始终都没能喊全的完整的Avengers assemble Enough thats enoughPS郑肯真田广之和导演兄弟之一乔罗素都来轧了个小角色更不要说斯坦李的最后的客串全场飙泪鼓掌,好评,na
这次真的全球最早 其他424的地区和国家因为零点场和时区等原因 大陆观众将成为最先知道全部剧情的人 给力424看完打卡 精彩绝伦的巅峰史诗 笑点哭点都有 剧情非常棒 零点场气氛极佳 欢呼鼓掌 我爱他,好评,na
灭霸穷尽一生只为一个平衡的宇宙看到他最后坐在那等待命运的降临我的心都碎了,好评,na
42星漫威为电影宇宙第一个十年画上了一个圆满的句号1漫威拿手好戏之一就是能把泪点笑点调和得宜2应该是漫威过去十年最为复杂的剧本3漫威十年到底谁是第一男主本片给出了答案所有设定走向结局是对漫威宇宙第一个十年最好的致敬和总结4美国翘臀绝非浪得虚名5灭霸果然和其他妖艳贱货反派脑回路不一样6每个人都有足够的理由加入终局之战为了各自的挚爱7关键词真假美猴王周芷若舞屠龙刀李莫愁联手小龙女8废章并非没有结尾的处理也并不算完美但在本片的完成度和里程碑意义的情怀加成下可以忽略,好评,na
I love you three thousand times这么多超级英雄里其实最喜欢蚁人了诙谐市井还带有几分俗气这才是你我这等凡人熟悉的人间烟火啊,好评,na
漫威用美妙的方式串联起前21部影片每个我们熟悉的人物都散发着前所未有的光芒感觉复联4不是一部电影而是一场属于英雄们的授勋典礼,好评,na
我是来分析票房的估计在30到35亿之间原因有3点          1复联3票房239亿惊奇队长票房10亿按照这个算法大概有三分之二的人看了复联3没有看惊奇队长漫威的片子要连续看才连贯这些没看的人估计在等网上高清很遗憾现在23号了我看了下网上还是没有高清版只有偷拍版这个因素或多或少会影响一些人去看                   2复联3是150分钟复联4是180分钟多了半小时这就意味着相对复联3每天会少排一场少一场总的收人会少很多 不排出票价涨但是最多前10天                3还是时间问题180分钟三个小时说实话一般的路人尤其是妹子真的很难坐的住的这部分观众会流失不少的反正本人已经贡献了24号的125元的IMAX票,好评,na
一个带有缺憾的句号,好评,na
这一集打斗少对话多时间线穿越设计的很合理很多之前系列电影的情怀老玩家看了非常有代入感两小时对话一小时打斗最后打戏精彩集结的场面很热血漫威十年一代人的爱,好评,na
无处不在的告别复调一个超级英雄概念的完整生命周期这集里开始的钢铁侠和最后的雷神合体的话会产生什么超级英雄知道吗弹簧人贝尔,好评,na
很难承认2019年度十佳将出现一部超级英雄电影悲壮史诗深情这些不曾存在于漫威字典里的词在这终章中得以展现对路人来说这是一部逻辑自洽节奏有序编排得当的商业大作对粉丝来说这是一场情怀至上的青春告别仪式无疑这是漫威11年最好的结局另片尾其实是有彩蛋的仔细听,好评,na
凌晨三点看完花了十五分钟离开电影院此刻只想尽快回到家抱抱熟睡中的女儿和爱人,好评,na
在另一个平行宇宙里Loki还活得好好的,好评,na
看之前别化妆了姐妹们能哭掉你十层粉,好评,na
FarewellAvengers一个时代结束了,好评,na
那是我逝去的青春,好评,na
其中两个镜头哭成狗看到光圈出现时内心涌起了无数的回忆十年了感谢相伴,好评,na
"当我们抬头仰望那些星云诡谲尘土飞扬的战争奇观差点都忘记了这些他的每一次出发都准备好将以凡人之躯去熄灭远征的战火他的每一次执盾都宣告着要以钢铁之心来承受百年的孤寂天神之子召唤着雷电唤不回至亲一次回眸灵魂之巅手握着宝石抓不住此生最后拥抱
拂开金灿的光圈归来的是那些来不及告别的面容穿越量子的宇宙却再也无法走到你的身边纽约大战的旋转镜头再起眼泪伴随着年轻的号角簌簌落下
大雨滂沱的罪恶城市有人握住你的手荒芜废墟的流浪地球有人守候着银河中你的方向沧海桑田的光阴背后有人爱慕你一生的容颜终局之战的新兴世界有人怀抱着你的爱继续前行
这不是最完美的收官作品这只是最深情的告别仪式始终坚守自己为爱全力以赴这便是最好的人生无须重头再来",好评,na
你们有星战他们有星际迷航而我们有复联壮烈如同史诗让人热血沸腾辉煌过后总是落幕复联是黑寡妇的家庭是美队的梦想是雷神的救赎是钢铁侠的守护是蜘蛛侠的爸爸,好评,na
收官之战心疼雷神,好评,na
感谢复仇者联盟3无限战争里星爵背黑锅打灭霸头的那三拳雷神最后没有劈到 灭霸的头所以我们现在能看到复仇者联盟4终局之战 看过N次零点首映还是第一次看半夜3点15分场次的电影也算是成就了一次特别的观影经历 前面人物众多线索庞杂的文戏感觉对冲着看爆米花动作片的路人可能不太友好但追过漫威电影宇宙系列电影的粉丝比如一部不落的我应该会倍感亲切当复仇者联盟银河护卫队等等曾经熟悉的电影桥段画面演员角色接二连三相继出现时真是给我一波又一波的惊喜而在X战警逆转未来式的剧情铺垫后最终指环王感的终局之战更是看得我热血沸腾 去年的复联3自己花钱买了4张IMAX场的影票今年的复联4如愿完成3刷IMAX版的计划,好评,na
So long and thanks for everything,好评,na
B  超低配云图×头号玩家的元MCU超英片漫威用一种暴露其庞大文本运作机制的无耻方式从颓废的虚无到崇高的战斗再重新建立起和平的轮回假像全方位赤裸裸地炫耀了它作为虚假的消费符号如何将我俘获并用最后一镜轻描淡写地戳破这场出窍的梦境仿佛空海最终找到了无上密加菲最终潜入银湖之底我似乎也意识到了自己观看的一片空洞不过是自己内心稚嫩的成长史可是我到底长大了没有呢,好评,na
漫威打造了自己的头号玩家甚至场面更壮观一会哈哈哈哈一会卧槽这是最好的告别下一个十年星系级战力该是起步了吧,好评,na
84100 非常大胆的突破了商业类型片的某种特定结构这个选择对于这种级别的系列电影真的值得佩服的一件事十年复联以这个故事结束也足以展现出漫威影业的极度耐心和深谋远虑它不是简单的一个结束而是一次意料之外又心服口服的全盘的回顾十年前漫威为数亿观众创造了一个超现实世界十年后他们又亲手将观众打回现实世界感受超越超级英雄类型片的结束复仇者联盟是我们这个时代的超级星球大战,好评,na
4星+111年22部电影从2008年那句我是钢铁侠诞生而布局的漫威宇宙一路走来所有的回忆都汇入复联 4的三个小时之中电影展开剧情的手段也许在你看完复联3之后就能依稀猜到的确也没有别的方法再来复活他们但即便是新壶装旧酒复联4仍是一部充满了趣味与感伤且并没有生硬煽情的作品作为一列串联起漫威11年的情怀过山车虽然它并不完美但仍将之前所有作品中预埋的包袱发挥了出来个人心目中的漫威宇宙至今最佳,好评,na
比想象中好几个想法1 不要认输不要跟时间认输更不要跟自己认输2 尊重每一个个体的想法非常重要集体是盲目的但是个体却超乎我们想象地具有能量3 记忆是我们之为我们的一切记忆亦是我们之为我们最大的阻碍4 爱跟记忆一样5 失败像成功一样值得被尊敬因为他们在另一个时空里或许是成功的我们在另一个时空里是失败的但我们的本质一样我们都是赤手空拳赢得历史的人6 英雄主义永远是人心的镇定剂不论谁必须相信点什么才能活着有时候人们的英雄是英雄们但时时刻刻自己都是我们的英雄因而信念永不死英雄永不死7 必须吐槽的是太政治正确了美队成黑人了是不是有点违和啊喂8 观众是好哄的说了那么多还不是自我感动🤷️,好评,na
心满意足睡觉去了千言万语一句话爱过,好评,na
全是和解与放下全是欢笑与泪水电影因为故事太面面俱到所以不完美甚至有些粗糙然而依然感谢漫威陪伴的这些年,好评,na
剧透千军万马气吞山河背水一战誓死力搏史上最佳超级英雄片Make lovenot war 初代复联全员幸存初代复联最后集结时空穿越昔日经典场景刮目重现复杂无比的多重宇宙种种说不通的时空悖论我最爱的交叉骨竟然有出现天啊啊啊惊讶得椅子都坐烂了Jeremy Renner的鹰眼痞帅痞帅到我融化了真田广之叔也爆帅我的天惊奇队长不愧为最强复仇者其次红女巫惊队每次出现都让我感动万分QvQ Brie Larson的扮相果然很美~真香我的暗夜比邻星居然只有两个远镜头╰╯巴基的戏份也少得可怜没想到一开头最圆满的人最后却成就为最悲剧的英雄自哈利波特系列后我们竟又要告别一个时代十年无悔入漫威感谢MCU的每一位演员感谢Stan LeeHail HydraHail MCU,好评,na
喜欢的地方收尾得挺好和前面的剧情也都串联了起来关于过去和未来现实和记忆情感和选择不喜欢的地方无聊的口水话太多了点惊奇队长的存在也太不和谐了点没有预告片里的那种震撼感,好评,na
用三个小时的时间来集结来牺牲来告别来和解雷神与母亲好好告别托尼与父亲握手言和解开心结黑寡妇牺牲了自己换取胜利班纳与浩克合二为一美队赶上了那场舞会化灰英雄集体回归气势磅礴妇联出场亮相诠释女性力量             再没有比这更圆满的结局了始于钢铁侠终于钢铁侠这是一千四百万分之一的胜利是三千遍仍未尽的爱,好评,na
最后大家互相传递手套的场景变成了美国人最喜欢的运动赛场橄榄球,好评,na
要啥给啥真官方逼死同人20190424英皇电影城20190502耀莱丽泽桥 粉丝场的渲染加分太多大概和看演唱会一个效果吧,好评,na
作为一个漫威黑还是承认这部收尾之作确实拍得不错稍稍看到了一点复联1的影子在一堆超级英雄大乱斗里花了笔墨去刻画人物讲述困境美队钢铁侠雷神的人物弧线都写得很漂亮不过绿巨人鹰眼寡姐的人物弧线写得就差些尤其是寡姐按理说她那场戏的情绪点应该放在灵魂黑夜这个阶段结果电影里另外几拨人还在嘻嘻哈哈做任务她那边直接开虐观众情绪转不过来而钢铁侠和美队的情绪点就很恰到好处以穿越的形式把漫威电影宇宙里的几个名场面串联了起来情怀满分剧作结构也没毛病看完之后同伴问我穿越设定有没有BUG我说看漫威你还要带脑子吗这已经算是这几年漫威引领的超级英雄电影低龄化风潮中没那么低龄化的一部了还要什么自行车啊说着说着又忍不住开始黑漫威了,好评,na
最后一次见面他知晓她留在过去她知晓他来自未来她对他说每个人都无法成为理想中的自己衡量一个人一个英雄要看他们是否成功做自己他们都做到了足够神明大厦坍圮肉身成住坏空既然我们终有一别那就告别吧正因参透生死故而不再畏惧生死正因看淡生死故而才能从容赴死正因这里有我们的一生所爱故而依旧贪生怕死正因我知道你知道我会死故而才敢爱你三千次,好评,na
系列连续剧最好的终章在一片欢呼里哭得好大声漫威要我命,好评,na
一刷3D效果一般二刷IMAX3D掌声欢呼声哭泣声此起彼伏气氛超棒漫威这回先发了让各种CP粉尖叫鼓掌的大把官方糖再催虐下漫威粉丝们的伤心泪水作为商业片已远超预期几部前作前重要配角的重现设计非常出彩在角色减少的前提下三小时高潮迭起节奏把控精准完成度极高佩服罗素兄弟敢做敢为老猿挂印是为了新人要出头是复联1的延续复联3的镜像更是系列彻底圆满的分水岭原来的归原来往后的归往后不过系列一贯缺点依旧原始人打架般的战斗事后诸葛马后炮主角是否有不死光环只取决于官方强行设定某些喜剧梗还是尴尬最厉害的惊奇队长竟成最大酱油,好评,na
二刷IMAX作为粉丝我真的真的爆哭完美的剧本太多梗了回到12年复联1的时候我差点大叫出声编剧竟然想到用这样的方式来回顾过往10年锤哥和妈铁人和爸队长和卡特每个角色的情结都照顾到了有太多会心一笑哭的点但是寡姐我真的不接受这个结局太TM坑了,好评,na
穿越时空这个设定我觉得还存在一些需要解释的空白但终局之战真的犹如烟花盛宴最后最绚烂耀眼的闭幕只是这个结局还是让我无比伤痛英雄终是离我们而去一个时代仿佛结束而我们也仍将孤独前行,好评,na
此生无憾,好评,na
不会二刷 我真的承受不来这个结局黑寡妇死的时候 后排女生哭的直抽抽 我心想 有这么夸张吗 至于吗 我只是有点眼泪水出来后来消失的英雄全部出现的时候 觉得很感慨 也掉了眼泪最最后来 钢铁侠打响指的时候 哭的 控制不住自己 真的是抽了 我没法接受 无法接受但是漫威 还是 谢谢你还有复仇者们 我永远 永远爱你们,好评,na
虽然那个但想想也是那个了觉得太那个了当全场那个的时候我全身都那个了还是有被那个感染了吧最喜欢的是那个那个还有那个可是为什么不能那个呢大家一起那个多好啊希望还能再那个,好评,na
化繁为简了更多是创作上的有意为之也可能兼有占了上一部结局的好处不管怎么样都比上一部好看太多不算片尾不到三个小时的叙事一点不会让人觉得冗长大家各司其职各归其位极大限度照顾到了每一个角色感人的地方很多除了你我相逢还有太多标志性的瞬间这些瞬间是致敬是缅怀或是一种仪式感,好评,na
完结篇教会观众说再见就可以了带点哲学意味的商业片无法抗拒祝福三位片约到期的演员ps小蜘蛛出现的时候响起了掌声果然是最受欢迎的角色,好评,na
今晚在影院的人真幸福,好评,na
这TM哪儿是电影啊是一场狂欢是一场20岁到30岁的青春狂欢把十年的回忆和人物叠进三个小时里面每一秒每一帧都能有他说不完的故事每一场面每一话都有能戳中心底的地方也许许多的不完美都在这三个小时里面完美了也许许多的遗憾也就留在了这三个小时里了End GameEnd the Start,好评,na
妈呀这也太好看了吧,好评,na
十万个为什么是托尼我得重温多少遍钢铁侠复仇者联盟才能弥补这样的悲伤,好评,na
复联3是美国春晚中国人民熟悉的男大奶子女大奶子老艺术家们给大家拜大年的话复联4就是熬过午夜美国李谷一奶奶出来唱难忘今宵了你能想象得到一切文化社交热议并且热爱都在此刻汇聚包含中国全球首映五个亿的预购sns疯狂刷屏包括首映后三点第二场依然爆满还起立鼓掌的赞誉文化意义远大于电影本身的存在,好评,na
贡献三张票 算是顺利完成任务了 虽是本章最后一部 却难找回看复1时的激动  英雄迟暮 解甲归田 为国捐躯 这些情节并不是很喜欢看到 还是希望众英雄像清华口号喊的那样健康工作五十年 更好一些ི,好评,na
"或许会有下一代的超级英雄可我已经没有下一个青春了
这绝对是漫威最伟大作品你自认是天命但我是钢铁侠托尼再一次以凡人之驱比肩神明观影过程中影厅数次响起掌声特别是那句九头蛇万岁全场爆笑最后英雄集结的史诗大战足以留名影史极其高能炫目每次都能看到惊喜这大概是身为漫威迷最幸福的事了
美国锤神做梦也没想到有一天会对自己说I can do this all day不过这一次他没有错过迟到几十年的约会肉装雷神也承包了大部分笑点勒保斯基的梗出自科恩兄弟的电影谋杀绿脚趾调侃雷神和主角的外形相似MCU把之前每一部电影都完美串联遍地彩蛋各种桥段嫁接只能用完美来形容漫威真的是用心在做电影
告别是一件很难的事但早晚都得适应它",好评,na
就像一部十年的电视剧完结因为故事已经完全无法收拢只能把重心转移到角色本身让每个角色都拥有最完美的注定的归宿安东尼罗素客串的那一刻我在问自己你还喜欢罗素兄弟吗那个以废柴联盟作为表达把回到未来奉为圭臬的罗素兄弟现在把time travel以如此粗暴的方式作为最大谜底来交差我心情很复杂观影半途甚至以为这个系列的收尾会更加科幻本质不更加美漫精神一些把故事线肆意泼洒出去最终形成一个混沌又美丽的图景比如乔治马丁写的局中变最终还是发现我对于罗素兄弟太高估了一些又或者说对于漫威流水线的高压强度低估了一些总之这个HE是一份满意的影粉答卷但仅限于此,好评,na
不能剧透对吧那就是灰化肥挥发会发黑黑化肥发灰会挥发完毕,好评,na
事实证明我这种伪粉也会哭到爆  最好的复联 最好的结局  爱你们 三千遍,好评,na
又名被偷走的那五年,好评,na
你们那么多人欺负我灭霸一个算什么英雄好汉,好评,na
零点场看完急着写稿子语无伦次本来看前一肚子气而自己本身只是个伪粉只想看脸和身材结果完全超出预期情怀这俩字永远吃香并且是超级王炸好多梗我都能get到你就不得不佩服这个系列作为一种文化现象是多么的成功我想说不要排斥不要恶意作为青年一代的精神寄托自然有他的价值点而这场落幕罗素兄弟非常圆满且妥帖的完成了复仇者们并不拘泥于纸片人而是有血有肉有灵魂否则观众不会又哭又笑又尖叫很难归于类型片更像一场盛大的狂欢既疯狂激情也黯然柔情是多面体是大众化也是当下社会和平行乌托邦这不正是巴赫金的狂欢化吗再加上前21部的拼贴秀超英做到这个份上值了,好评,na
钢铁侠双子美国队长金牛黑寡妇天秤雷神白羊绿巨人摩羯鹰眼巨蟹蚁人水瓶浣熊处女蜘蛛侠射手惊奇队长狮子星云双鱼灭霸天蝎好想看复仇者联盟集体参加一季Survivor,好评,na
复联4是对所有经典时空旅行题材电影的重大颠覆有一套较为独立且自圆其说的穿越观超级英雄会老会死但是他们后继有人真妇联诚不欺我惊队短发A爆了美队终于补上了欠佩吉的一舞更补上了欠自己的一生托尼史塔克我会永远记得你的名字叫钢铁侠,好评,na
看完只想说几点1MCU forever2从此再无iron man 3队长在电梯里说那句九头蛇万岁时全场统一鼓掌 当时内心吐槽美队终于变成了小机灵鬼4那些英雄们再度出场时影院里再次响起掌声确实挺燃挺激动5罗素兄弟毕竟不是温子仁所以肯定不会有回魂ironman 和招魂Natasha了,好评,na
漫长的告别在这种情境下便不需讨论故事本身的诸多问题感谢漫威在十余年里从无到有的构筑依托自身丰富资源和好莱坞强势输出打造了专属于这一代人的和群体性文化产品和情感体验,好评,na
真的是一個年代的終結十年走來每個人都變得面目全非那美好的仗我已經打過了該跑的路程我已經跑盡了也算溫柔告別至少每個人都真槍實彈的哭了如果圓滿有個樣子大概不是你所想的那樣圓滿可能是圓手圓臉胖肚子可能是一臉祥和失去棱角可能是垂垂蒼老甚至可能是死亡甚至可能是十年來那從未被語言套住從未被激情所鼓動從未被世情驗證的碰碰額握握手縱身一躍已沒有更多,好评,na
作为从钢铁侠1就开始看的人那句台词 几乎和电影里的人同步脱口而出就这样就可以了,好评,na
"我不接受我要求重拍

灭霸就是太着急纠正自己的错误 他应该悄悄记下来 跟着时间线走在第一次集齐宝石打响指的时候 不灭掉一半而是全灭掉 他就赢了",好评,na
漫威对角色虽然不是每一个的爱和负责能盖过其他一切功利不考虑先天优势反正这点完爆3了,好评,na
22部MCU电影我们这一代人的记忆,好评,na
到终局罗素兄弟已经不是导演工作而是平衡工作了平衡各角色戏份平衡与前作的联系平衡每部分情节时长分配平衡特写交代与恢弘场景最后平衡粉丝感情基本在这些框架都搭好之后也就没有时长再磨细节了彩蛋梗不是情节细节谢谢,好评,na
"A
httpsmoviedoubancomreview10132677
这次是真的都结束了

零点场IMAX
2019510三刷达成
第一部同时完成IMAX4DX杜比影院的片子
2019523四刷IMAX

不论别人怎么说这对我是一次空前绝后相当完美的体验我的十年啊几次我哭到浑身颤抖这是一段再也回不去的美好岁月",好评,na
人们不只需要超级英雄人们更需要鸡汤鸡汤无法解决问题但它能帮你振作起来然后你自己来解决问题我们总说过去就过去了我们总说遗憾是美好的可若真有机会回到过去弥补遗憾重新获得已失去的我想这份努力我们都会做吧漫威宇宙向我们展示了一个伟大的当代神话最真实的最人类的,好评,na
"其实托尼某种程度上也和灭霸一样为了捍卫一个抽象的理念甘愿牺牲一切具体和个人的东西
可为什么我们总是站在复联这一边为什么我们会相信他们的信念会为他们的牺牲和选择感动
因为我们是人类啊
谢谢a锅坚持不懈地向我安利一些我本来一点都不想看的片上一个是指环王预感下一个是权游我很感动真香",好评,na
2019年夏天想想就好遥远到了那个时候小罗伯特唐尼还演钢铁侠吗寡姐还那么美吗世界还和平吗雾霾还那么严重吗我走上人生巅峰了吗,好评,na
I am Iron Man,好评,na
短评剧透请及时回避目光MCU首次危机以托尼救世开始这次以托尼救世结束MCU本身又以铁人诞生开始以铁人死亡结束所以在无限传说里铁托是绝对主角而对元老复仇者而言美队是绝对领袖漫威以复联四部做主线骨子里是传统的双主角设定自然也要由他们落幕本片是一部上乘的大结局个人认为是美队2之后最好的漫威电影罗素找到了正确方式串联起曾经的许多关键时刻三小时的叙事快感很强一切都回归原点一切也都做出了结22集电影至此成功形成闭环遗憾是对时空劫持的叙述简直是一笔糊涂账从钢铁侠1到复联4整个无限传说本质上说的是对生命要抱以何种态度的问题从纽约大战开始复仇者在拯救与牺牲中不断徘徊与灭霸的对抗本质是一场拔河比赛生命就是绳子虽有不少缺陷至少无限传说的文本终于完整了,好评,na
已注射剧透疫苗可以说番位和剩余价值决定了结局的走向被The Big Lebowski梗儿逗乐了看完才想起来督爷本人是演过钢铁侠的MCU的开山大反派,好评,na
Just like all your wildest dreams come true 这部有多么圆满未来的布局就有多么难初代远去后可能再也不会有这种期待和满足感了PS小男孩哈利都出现了真的不交代下希芙的结局吗,好评,na
Thanos SHADOWS DIE TWICE Iron Man ME TOO Captain HAIL HYDRA,好评,na
就一句话挺心疼灭霸连一个知心人都没有,好评,na
I am Iron Man开启了漫威时代终结了漫威时代,好评,na
女朋友没哭的话注意一下了,好评,na
春晚 每一对cp的粉丝都得到了生命的大和谐 甚至是爱一个时间线上不存在的人 and I bought it all 对雷神产生了真实的感情 雷神啦啦队队长是我 but who run the world girlslebowski mungo jerry kinksIMAX三刷 我从纯冬盾到半盾铁,好评,na
完结与传承每个人都找到了自己最好的宿命圆满了,好评,na
i love you 3000 times,好评,na
是啊可以说我来为烂片刷惆怅当然还是坏人的失败终结了一切故事连复联组织也很难没有幻灭感吧美国没有翘臀了也没有彩蛋也是要从扫地大姐嘴里不耐烦的说出来才是真的没有彩蛋其实是终篇里有很多果投掷给前这么多部的因三个小时的确有泪点和唏嘘灯亮观众丧如一地垃圾,好评,na
大家都再次回到战场上再次并肩而立一切似乎都回到了过去所有的可能性都再次对所有人敞开重来一次每个人都更确信自己是谁现实中不会一切都完美无瑕Mr Stark一个精明的商人以一己之命换人类的安宁whatever it takes,好评,na
"让我先打个五星缓缓拍红的手打字很困难而且现在找不到任何合适的词语形容
每一句台词都是梗粉丝都能get到并为之欢呼总之一段旅程结束了初代们还有我",好评,na
又一场青春十年告一段落除了英雄我们还见证了整个光影体系的十年蜕变是结尾也是开头,好评,na
用穿越来拯救世界是个烂俗点子但用穿越来告别却再合适不过了如果顺着前两个小时的情绪拍到最后能给五星但最后的大乱斗实在太无聊全挤成一团正面硬刚有什么好看的,好评,na
全场观众激动不已各种情感的穿插漫威十年来所有故事的细节回顾全程被罗素兄弟的导演能力折服太厉害了,好评,na
不喜欢任何do over的设定所有牺牲正因为无可挽回而悲壮只说喜欢部分1鹰眼和黑寡妇去取心灵宝石和上一部灭霸去取形成了对比正是这一部分让我把灭霸列入反派这段动作戏超帅气这两个人真是到最后一刻都在互掐绝不手软毫不相让但仔细想想这里的设定是你笃定自己是对方最爱的人你确信自己跳下去是要有用的这两个人对此都一点废话没有人世间能有如此的人且彼此心知肚明也是幸运既虐却暖再看开头和结尾鹰眼俗世的幸福又是一叹2混战中保护惊奇队长特意有一个girls power的片段很燃3片名是End Game想起安德游戏反而是灭霸说的话印象深刻你们执着于无法忘记过去才无法开启新的未来但在过去现在未来也正因为与之羁绊的人才有存在与保护的意义,好评,na
不得不说我在电影院哭的稀里哗啦二刷imax感谢灭霸集结了整个漫威宇宙另外我为什么没看惊奇队长,好评,na
换取Soul Stone那场戏的时候自己的眼泪止不住的流如果不是因为这自己都不敢相信漫威宇宙已经陪我走过了这么些年这最后一仗打得虽说不是尽善尽美但绝对是一部合格的好莱坞爽片从故事特效到情感带动到底是没有辜负这么多年布的一盘大棋寡姐你永远是我的女神,好评,na
英雄与凡人的不同之处不是因为他们身手过人而是因为他们在最艰难的抉择面前依然会奋不顾身还来不及享受那三千次的爱你就走了十年一梦因你而起由你而终还来不及回味那七十年的约你就老了最后一舞曲终人散再无遗憾回望来时路笑与泪同在爱与恨和解复联收官难说再见,好评,na
据说杜伦大教堂在这部2333 快公映吧20180512想看 | 三小时的电影每个小时干了一件事简直是掐表写的剧本 最喜欢新泽西一段hail hydra笑哭女角色集结一段意外完成规定动作各种前后呼应加分前段略松散高潮差口气寡姐钢铁侠戳泪点各位毕业快乐TUT PS 杜伦大教堂内景就是阿斯加德233 越来越觉得结尾的美队OOC了,好评,na
左边一对情侣卿卿我我女的抱怨坐最后一排啥都看不清楚练听力不然就是跟男的说饿又不让男的去买吃的右边两个女的其中一个从头到尾卧槽卧槽卧槽真想扇她全程叨逼逼最后又狂哭叨逼逼也让我想起一些剧情那就算了美队抡锤子真是神了,好评,na
看到灭霸的退休生活我竟然心生恻隐,好评,na
我以后不看美漫了行了吧ಥಥ  而且一到超英之类的话题系列能感觉到豆瓣管理员滥用权力的行为,好评,na
也就比还行稍微好一点吧,好评,na
在法国还能遇到在电影院不顾旁人全程讨论讲解剧情的中国小情侣观影体验极其恶劣忍不住了拿中文制止他们结果人家装没听见接着说粗暴地毁了我的复联难过的是我感到丢人多过生气,好评,na
呜呜呜漫威粉一本满足,好评,na
只要看见这个电影名字就高潮了好吗|  结果从头哭到尾我都不记得我上次哭得这么悲惨是什么时候了那种复杂的心情又感动又不舍又欣慰又难过的简直了虽然知道Marvel的宇宙观里其实是没有真正悲伤的结局的但是每一个牺牲每一个失去每一个分别都还是从最深处触动我所有的重生回归相聚都是种失而复得十年时间过得真快仔细看看其实真正能陪伴我走过十年的人或者东西屈指可数我很幸运拥有这个宇宙｜原来Harley去参加了妮妮的葬礼又一次哭瞎,好评,na
有多好看呢就是即使知道逻辑上有硬伤各种悖论的影响下也去他妈的就是这么好看,好评,na
挺好的收官之战了 有资源了再看一遍中文版的,好评,na
此生不再的体验庆幸有漫威庆幸有那么多喜爱的角色陪伴多年庆幸有那么丰厚的情感累积最爱的始终是Captain America  American Ass0511到房山万达刷皮卡和复联原来预知结果看着他们前赴后继地赴死会更难过电影终结了两盏灯熄灭了一阵风吹到了头整个世界都哭着笑着哑了以后当然还会有光但那些人与事终究是此生不再也许不好谈意难平总愿意相信各得其所也许是对彼此最大的温柔之后应该会再刷吧全员集结的振奋还想再度感受期待Gyllenhaal入局期待寡姐电影期待冬兵与猎鹰红女巫与幻视洛基再续前缘I love you 3000 And I can do this all day For family for you,好评,na
铁人千古 漫威万岁,好评,na
第一次哭到IMAX眼镜都戴不住此刻漫威你就是全世界,好评,na
平衡每个关键角色战力大战交锋酣畅淋漓漫威真的很会戳影迷G点了告别,好评,na
看完后想挤出点情感但是年纪大了情绪波动不容易我难得看电影能有一点情绪上的风吹草动等到了豆瓣看到高分短评发现其它人的情绪波动犹如风起云涌我的emo以小见大长江后浪推前浪武汉每年长江泛洪一定都是豆瓣观影者的眼泪呃so谢谢你豆瓣,好评,na
我曾经拥有过什么现在我就失去了什么I am Ironman 十年漫威三千遍爱你怎么够铁啊你拥有一颗最温暖的心也是我们永远的英雄虽然我在博士伸出1根手指的时候想竖中指虽然我哭得不能自已但我知道这是你的高光时刻这必定是你的选择可为什么从始至终那个牺牲的人必须是你你不会再回来了啊最后两句话wcnm漫威杀我看的时候头脑发热回头一想原来吃了三小时的罗素兄弟给我滚啊,好评,na
没错就该砍掉极端环保主义者的狗头一遍不够再砍一遍,好评,na
这个片子让我思考我们在豆瓣打星的依据是什么缺点实在太多但我觉得这个项目已经做到最好了你可以想出无数个把剧情改得更合理更到位更精彩的方法但那样我肯定打不了五星当然别人可能打得更高但关我什么事呢,好评,na
最惊喜是Tilda Swinton的再次登场 最生气是Scarlet Johansson的丑陋发色,好评,na
桥段多梗多黄洞全开时沸腾诚意和惊喜都够脂肪应该可以发电过程中我一直觉得可以瞬间复原果然减脂很难鼓掌好几波尖叫好几波,好评,na
灭霸思考的问题真正超越了所有复仇者联盟的高度站在宇宙台阶而不是地球台阶其实在记录5000多年前那场战争的薄伽梵歌中说过当他知晓他根本不是为了自己而行动时 即使他杀遍整个世界或宇宙或是他本人被杀 他也即非杀者亦非被杀杀者 他是可以遇神杀神遇佛杀佛的,好评,na
一段关系最有价值的部分是见证彼此成长一段观影旅程也是银幕内外主角与观众互为照映这种陪伴也是人生的意义所在当超级英雄电影与现实的平凡生活合二为一这已经不是简单的情怀而是一枚情感核弹这是一场声势浩大的漫长告别告别过去的自己逝去的家人惨败的曾经超级英雄们的情感脆弱面在上一部的悲壮之后走向了伤感个人情感的极致表达自我成就的无限演绎弥补了整个漫威电影的精神内核生命中唯一的永恒就是生命的无常,好评,na
小伙伴在被剧透逼疯之前拉我们去看了早场第一感想票真tm贵人真jb多坐我边上俩妹子全程聊天+尖叫+哭泣她们来看电影的主要目的好像是膈应别人我本来该有的情绪也被她俩憋回去了老英雄谢幕新英雄登场每个人都多少失去了点什么为了赶结局复联成员之间的感情反倒处理得淡了剧情不算太有意思都是感情分本片最佳场面寡姐和鹰眼相爱自杀无误全复盟总结个人向最爱的是美队最帅的是鹰眼最美的是洛基最悲的是寡姐最基的居然是虫铁感谢在这一部完全垮掉的其他cp们,好评,na
简直是超级英雄版的故园风雨后三小时满格的落日故人情时间成为爱与重逢的终极钥匙最最嗨翻的场面觉得近乎拍出几分五道轮回六界合一的气势来回家第一件事是刨出了当年的古董电影票2008年5月在港汇看得很开心的我无论如何都不会预料到11年后会迎来这样的结局作为一个杂食性的电影爱好者深感能一路见证极致商业娱乐电影标杆的成长史也是我的荣幸,好评,na
看完想大哭一场不只是看不到钢铁侠美队和黑寡妇了就感觉十年就这么过去了如果给复联里英雄排个序最爱寡姐和美队然后是鹰眼和幻视期待他们的单体电影当然还是会看下去,好评,na
"I AM IRONMAN
WHATEVER IT TAKES
LOVE YOU THREE THOUSAND

五星送给片尾和这十一年和本片无关多说一句罗素兄弟拍不了史诗之作他们只能捣鼓出合格的爆米花",好评,na
"90
蚁人果然是关键点雷神成废柴大腹便便逆转未来的往日时光怎么也看不厌为了与至爱的片刻就能不惜一切九头蛇万岁的美国翘臀笑点很来电黑云压寨时的英雄同框终于出现十年布局等待而来的这一刻止不住泪腺葬礼镜头缓缓移动是对美好时光的最好怀念超级英雄回归平凡而平凡如我有了超级英雄一样的体验感谢漫威的陪伴就此落幕要说上一句爱你三千遍",好评,na
I love you times infinity,好评,na
一直不看漫威一上来就看了终局之战终于明白了为什么有这么多漫威粉在这里人物众多但每一个都用心塑造有背景故事有爱恨情仇有独特的装扮有迥异的性格不是一个个的脸谱而是一个个活生生的人物一视同仁绝不敷衍,好评,na
语塞+词穷废柴联盟专注客串MCU十周年,好评,na
一座完美闭环的造就一场奇异梦境的惊醒一部史诗篇章的落幕一个华美时代的终结,好评,na
"太棒了我先打10星你们随意初代十年处心积虑埋线直至终章才完整爆发这个宇宙的真实魅力叹为观止我们才终于见识到十年布局原来真的不是一句投机取巧的营销文案而是实打实的严谨工作一个精心布置的局一个像蛇的首尾完美咬合的圆
看得出来飞机也很信任手下让编剧和导演放手去做这个团队平时工作大概就是一群疯子在头脑风暴吧什么事都干得出来即使你猜了3000个剧情他们依然能交出第3001种脑洞即使吃过3000把刀子他们依然能给你第3001个爱的理由
这个电影从某种意义上真的做到了史无前例感谢所有所有创作和工作人员谢谢你们整出了这么牛逼的宇宙邀我们见证",好评,na
Stan Lee老爷子看到了吗他和她去找你了,好评,na
重逢与离别绝望与希望悔恨与救赎在时间的漩涡中我们体会着情感的复杂与伟大只要人们仍旧怀念过去他们就不愿走向未来而是在当下选择反抗fight for memory,好评,na
漫威系列全部追下来终于完结了黑寡妇取原石那段有bug雷神严重OOC其他的脑洞都挺好剧情前面过于温吞后面比较精彩画面特效都很好3个小时还是很值的结局难免有点遗憾不过总的来说挺圆满加上情怀给四星吧,好评,na
为了告别的重逢戏里戏外皆是回到过去如同高级的闪回面对面的和过去道别而结尾美队卸去不老之躯与沉重责任过回常人生活的选择也达成了演员与角色的统一最触动是娜塔莎之死不像其他人她穿越时空也无旧相识可见可道别死去也是在无边宇宙的另一个遥远世界仿佛与此世界毫无关联真真是以黑寡妇之名独独一人来孑孑一身去又觉得与昨天刚看的天上再见结尾类似在孤独一生的终点感受到一点与这个世界的情感关联此处是获知从未听说的父亲的名字天上是得到父亲认同然后义无反顾纵身一跃以灵魂换灵魂在时间长河里留下自己被悲伤裹缠但壮美绚烂的永恒印记而在戏外漫威没给她拍个人电影的事实也加深了这种感觉虽然之后要拍此前所认为的这个人物的单薄现在反倒觉得很适合她独立于世的虚无气质710,好评,na
用一场逆转时空的旅行串起十年作品实在是非常巧妙的怀旧时间理论虽然解释得不清不楚但也算有趣漫威从来不存在我的青春里但有几场戏也算印象深刻比想象中好看,好评,na
我从来都不算漫威粉丝我不熟悉漫画的设定也未蹲过零点场首映更没有特别喜欢过某一个英雄但MCU电影从没落过其中19部在影院观看不下5部三刷以上究其原因漫威在新千年建立了一个前无古人的电影王朝与星战终结者魔戒之于它们存在年代的意义别无二致我们都是平常人或多或少都有英雄梦点燃这个梦的火种就是钢铁侠十年过后钢铁侠早已不单纯是个人物形象他更像是精神图腾提醒着我们这十年走过的路这应该就是我我们如此沉浸其中的原因所以这10分献给乳臭未干和高中同学周二翘课看钢1的我献给因美队3结缘而恋情无终的我献给曾经作为电影行业工作者而近距离接触他们的我初代的结局肯定不会让所有人满意或许MCU考虑过其他的方式但我接受这已是最好的终局毕竟旅程再远也要说拜,好评,na
挺好的结局,好评,na
所有英雄都應該經歷一次時間旅行面對自己的愛與懼在淚水和歡樂中脫繭而出所有的英雄宇宙都應該有一次時間穿越的故事讓粉絲們瞬間穿越數十年重溫自己與夢想共渡的時光而淚如泉湧復仇者們象征著美國夢的勇氣與良心十年的光景鏡頭內外的潛規則也發生了天壤之別在終局大戰中煞費苦心的英雄出場走位與組局處處顯示出政治正確的小心翼翼,好评,na
节奏把控得不够完美故事大体上都能猜到没办法作为近十年的现象级系列平衡与掣肘实在太多漫威已经尽力了大量女权主义事先有预告但黑人美国队长实在有点太政治正确了不知道川普怎么看,好评,na
十一年一个循环谢谢漫威让我在无聊的人生中做了一个美梦始于钢铁侠终于钢铁侠希望我们终有一日能在漫威宇宙中相遇,好评,na
美队是怎么打赢灭霸的因为他拿起了雷神之锤子那么雷神做什么去了他膨胀了啊,好评,na
娜塔莎托尼我们赢了哦,好评,na
建议吃点咸的入场233,好评,na
我和奇异博士一样即使把结局看了一千四百万遍我也不会说一个字的,好评,na
时间线设置足够聪明不讨论任何修改时间线的事儿只改变石头往蝴蝶效应的反面去走这样时空穿越后发生什么事都不会产生悖论了之前以为是一种的讨巧的方式抹掉一些错误的选择从来但是没有重心放在拿到宝石之后了而且灭霸总算是一个会改变想法的聪明反派了漫威说这次是绝对谁都想不到的发展竟然是真的,好评,na
首映场太刺激了平均两分钟鼓掌一次五分钟欢呼一次到了最后甚至是斯坦李的字幕出来都全场鼓掌各种熟悉的场面熟悉的人物熟悉的梗鸡皮疙瘩一波接着一波弱弱吐槽下吧唧才是美队的羁绊好吗不要强行BG以及寡姐才是鹰眼的此生挚爱官方锁了还有就是我可以三个字虽然说倦了但还是要宣布小tom蜘蛛boy正式替代大tom洛基荣登我可以榜首,好评,na
你现在可以休息了复联4确实是属于初代六人的完结能把电影拍成一场全球性盛会只有漫威了觉得前面节奏慢也理解当然也需要如此多时间交代关系解决矛盾相反打斗上就赶不上第三部密集但最后的史诗大战绝对是瞠目结舌的剧情方面即便知道会穿越也没想到是这么个玩儿法诸多关键情节是真的蛮意外怪不得糟老头子要做假预告笑点做的萌趣舒适不尬九头蛇万岁惊队因太无敌只能起辅助作用没有一路追看漫威电影的毋庸置疑会失去很多乐趣,好评,na
电影看最后的群架确实很爽每次看美国英雄片都很佩服他们一如既往的价值观文化输出你看这里面就在用最后的事实论证财智资本家+爱国军心=美国价值观的最匹配人选普世价值观是无法拯救世界的只有美国价值观才可以201954 810,好评,na
天下最美的美梦都会有终点感谢遇见你钢铁侠,好评,na
"钢铁侠1到惊奇队长21部电影的伏笔铺垫在复联4全部都有了后续
很漫长的三个小时要说它的题材应该不是科幻算是软科幻都算不上的奇幻",好评,na
十年漫威英雄落幕感谢陪伴,好评,na
I love you three thousand times,好评,na
"不知道评价什么
从三分钟哭到尾还缓不过来
粉丝真的会很激动很惊喜吧",好评,na
我们彼此拥抱我们相互告别我们爱过我们来过Farewell,好评,na
190426最后哭的稀里哗啦每一个角色都那么鲜活出现他们穿越回去的每一部电影都是那么的熟悉多少梗都能会心一笑了然于心之前每一部漫威的电影都至少看过两遍多少年的光阴啊一场盛大的谢幕就这样真的结束了谢谢你们在我的青春里走过突然想起来昨晚做梦梦到的都是漫威梦到的冬兵和黑寡妇具体他俩干啥忘了但一晚上没怎么睡好今天一早就起来去看了imax是爱啊190429终于二刷了下依旧是欢笑和感动微博首页各种骂声时不时让我感觉真的是没必要还有那种理解能力有问题的傻x看着真碍眼,好评,na
粉丝滤镜和跟风的太多了这分数对真正认真拍电影的导演反而是种讽刺对于剧情来说仅仅是作为前作的延续作品挺平的文戏多中间穿插冒险略带笑点结尾集结过短并无太多亮点8分,好评,na
即使这部最终章时长三小时依然未能了却影迷们的执念太多细节和疑问需后续交代不过很高兴这一部把更多笔墨聚焦在了英雄的人文情怀层面而不是动作场面你可以看到父子冰释前嫌铁人母子骨肉重聚雷神爱人再续前缘美队孤儿孑然一身寡姐妻儿阖家团圆鹰眼及本我超我合体浩克这些人性元素够了够让你对这部终结篇满意了~更别提结尾高潮大战又燃又出其不意又好看得一塌糊涂反正综合来讲正如罗素兄弟所言复联初代都在这部里走向了最合适的结局以此平复影迷们的执念是最好不过,好评,na
漫威春晚漫长的告别,好评,na
从一开始就渲染情怀打斗和笑料都只是配菜看到那些曾在记忆里留下深刻印痕或惊鸿一瞥的人物角色再度出现各种感动油然而生各种燃点恣意迸发直到那令人饮泣的刹那这不是单看这一部电影所能体会到的是伴随着漫威宇宙一路走来的自己所始终憧憬和等待着的有生之年最后我只想说逝者已矣生者如斯还有去二刷吧,好评,na
想了想还是打了五星电影倒不是说有多完美只是确实算是一个时代的落幕无论自己平时多么不爽漫威但终归自己这几年还是一部又一部看了过来逝去的确实是自己的青春啊纵观MCU给我印象最深的还是美国队长这次他终于圆了和她的一次舞蹈之约也脱下了自己的战袍英雄落幕精神不朽MCU十年当之无愧的传奇,好评,na
从粉丝捧场大众惨淡开始到粉丝辱骂大众嗨翻结束漫威电影宇宙已经成为了震撼全球的文化现象是一代人的影像记忆是最时下的政治寓言早就不可能回到只拍给死忠粉丝看的过去一些死忠粉丝再无法接受这部电影对自己深爱的人物不尽如人意的塑造也没办法对抗大众对好故事的渴望好的故事不会是合家欢的故事好的故事总是充满颓丧悲情苦痛难堪好的故事需要有人性的人物而不是完美的神,好评,na
就为队长那句AVENGERS ASSEMBLE,好评,na
"一左一右两个大哥观影过程中不停抽泣引得我也鼻子酸酸的
漫威宇宙对钢铁侠这一角色的塑造太成功了有始有终
11年虽不是漫威迷但21部电影都悉数看过就此作别",好评,na
不管你们信不信 3个小时看下来惊奇队长是颜值最高的,好评,na
最后救小蜘蛛时漫威女英雄摆出一副红色娘子军的架势真是把我逗笑了,好评,na
"我昨晚终于看了听不懂英语看不懂字幕的女儿也从头到尾一直坐着看完了这十年的漫威系列的电影我几乎都看过所以每个细节都觉得很有意思
不可思议的是在中国这么火的电影在日本却没有那么大火昨天日本平成时代结束了但其实没什么感情复联系列结束了反而舍不得",好评,na
当他看到她的时候仿佛瞬间经历了整个人生心里很平静,好评,na
从大学时候开始每次都要穿应援T恤熬夜看首映到现在都被剧透干净了才缓缓走向电影院曾经多么痴迷漫威现在也已长大到对超级英雄逐渐失去憧憬能活在漫威的时代真幸福啊接下来我就和我最爱的英雄一起告别漫威吧遗憾打斗戏少新装甲少找宝石不够紧张刺激,好评,na
看完后我最纠结的地方居然是当复联召回了五年前被消失的一半人口带来的重婚现象应当如何处理,好评,na
好消息是之前广泛流传的剧透是假的大家放心观影,好评,na
虽然三小时实在尿点很多 但回忆杀实在太美好了 最后集结真是无与伦比的激动 妇联 ,好评,na
给好友评分中的所有差评点了赞并同意然后依旧可以打出五颗星的电影,好评,na
不算完美但算是圆满的结局陪伴11年又一个时代落幕了谢谢你钢铁侠真的不管是漫威还是观众都应该谢谢你然后辛苦了美队这是你应得的虽然有不舍但是每个角色都应该没有遗憾了人物的弧光完成最后不管是惊奇队长还是其他角色以目前的状态来看撑不起下一个十年因为没有一个角色的魅力能比得上初代A6嗯博士也不行,好评,na
世间所有的相遇都是久别的重逢首日二刷IMAX+杜比漫威宇宙的节点初代复仇者谢幕角色退役前与过往的叙旧也带领观众完成记忆上的二次共情整部电影就是大彩蛋无数漫威宇宙梗个中体会结尾更燃到极点怎能不泪流满面从电影的角度该片不算完美但谁在乎情怀的力量这才是我们的10年承载的是一起走过的青春结局是遗憾的因为有人离去但残缺也算一种美为了让我们更好的铭记爱你三千遍,好评,na
出来的人物很多不认识但还是把眼睛哭花了,好评,na
wcb 真的庆幸买了首映场 嘻嘻 好多人啊 还买了配套的杯子和爆米花桶哈哈哈 nerd到疯魔 虽然比国内晚了两天但好在一直没有被剧透 不得不说美队的pp确实是american ass hailhydro笑死 深藏功与名 美队拿起xx时大家都惊声尖叫 后头哭惨了呜呜呜一个时代的告别 放每个演员的签名太戳了 最后没有彩蛋呜呜呜 之前都有的 感谢漫威给我们带来的感动和欢笑 怀念斯坦里老爷子 三小时不显长 看完半躺在cb车上 感到一丝疲惫 可能因为不知不觉感情上倾注得有些用力了吧 最好笑短评女朋友没哭的话注意一下了ps最近看到一个日本浮世绘风格的超级英雄们 有意思 名号都很符合 like铁武者八十五号 米国团长 雷神彻 蚁义贼 流浪人鹰眼～ 晚上sv给我打电话 爱你3000次,好评,na
如果说复联3是完整的灭霸传那么复联4则是一场回馈和自我致敬给足了MCU观众所有想要的东西虽然中段有点混乱但足量的感情线描绘还是让我们十年来对这些血肉丰满的角色积累的情感得以倾泻而出最后的决战场面其呈现和效果都堪比指环王的圣盔谷之战零点场粉丝的欢呼声一浪高过一浪电影史上最庞大的项目有这么一个结局已然超乎想象给罗素兄弟和凯文费奇respect二刷最大感受是最后的跑酷大场面其实就是个橄榄球赛嘛100 American style 不过还是配得上magnificent ending了,好评,na
"虽然没有陪你走过11年但感谢你献给我们的21部佳作
钢铁侠美队寡妇雷神绿巨人鹰眼感谢你们精彩了我的青春
爱你们千千万万遍",好评,na
真的不出彩不过从21岁看到29岁,好评,na
首尾呼应一个时代的终结最喜欢的一对cp居然幸福的生活在了一起,好评,na
"我爱你三千遍
i am iron man",好评,na
靠削减角色和增加片场解决了2时群雄流水过于摆平的问题旅行到过往自己电影里也算新奇手法但这穿越线末了好像完全浆糊了结局想想对cp粉们很不友好搞得来似乎只有拖家带口回归家庭才有未来别的都不得善终连空间都不给留对得起把系列一手捧大的群体吗虽然我不粉啥感觉也不太愉快而且我相对最待见的班纳博士就再也回不去了么没想到雷神从北欧金属开始经历迪斯科后最终成了谋杀绿脚趾cos到这地步是不是该给科恩交版权费然鹅督爷的梦中情人确实是女武神一切难道冥冥中已注定Tilda的段落是现拍的么那她还真是掌握了时间石驻颜之术,好评,na
有笑有泪再见复联,好评,na
温情满满的大结局,好评,na
几乎每个人的结局都已经凹得很圆满了感叹漫威凹故事的能力唯一令我非常不满的是黑寡妇连一场体面的葬礼都没有就结束了你们有家人有爱人有基友还有机会回头去弥补遗憾她什么都没有她的家人就是你们她死在那种鬼地方死相还那么惨最后你们给钢铁侠举办葬礼时都没她什么事哎凭什么呀所有伤疤都补上了就留这么一个大口子心痛,好评,na
一泡尿憋不住了中途去上了个厕所结果什么美队能使雷神锤了,好评,na
这个剧情上真有点说不过去有硬伤,好评,na
我没想到蜘蛛侠5年后回来还在上高中我也没想到随着那句I AM IRONMAN缓缓道出十几年的情愫在一部看似爆米花的超英大片中竟表现得如此温情这样的情怀渲染足矣堪称史诗级始于他也终结于他这是当年那个放荡不羁自恋狂傲的钢铁侠我才意识到他永远都会是真的钢铁侠了随着美队的交接也许这是最好的结局吧当我深夜一人观影结束走在浦东的马路上唯有微风徐徐树影婆娑早没有了白天的喧嚣和热闹竟第一次体验到了上海深夜的宁静与舒适我们都是来自尘埃如那响指一响回归如初人生再顾重来无论是神是人都发现只有身边人值得珍惜再见了漫威再见了初代的复仇者,好评,na
"感动满足这依然是一部完整的电影也是钢铁侠带领初代复仇者的完美落幕因I AM IRON MAN起与终11年前拉开的科技幻想神话的大幕讲了一个科技精英引领的11年的无限传说史诗采取了最聪明的叙事结构和结局选择钢铁侠和美队分别代表反恐与科技时代新英雄主义与传统美国精神把北欧神话泛非文化和女权角色融为一炉漫威打造了一个新世纪的银幕神话至今回忆起初次穿上战甲展示的真实精致炫目热血的情景依然记忆犹新
期待漫威宇宙给新的英雄更多空间开始一个新的时代",好评,na
有相聚 也有分离三里屯美嘉九点场出来也是在雨中了,好评,na
感谢漫威成全了初代超英所有的遗憾回忆和过往盾佩一梦七十年铁人重遇父亲诉衷肠雷神与母亲的伤别离终战实力诠释什么是真正的神仙打架比瓦坎达大战更振奋人心百倍寡姐献身美队隐退铁人终结属于他们这一代人的传奇终究是要落幕了l am ironman ,好评,na
i maybe cry a little bit也许是眼睛肿胀了反正影院小哥是哭了哭着说没有彩蛋捂脸最长的首映午夜场了最好别喝水别浪费钱买水了我一杯鸳鸯带进去没喝一口出来有人不自量力i seems smell someone pee捂脸全片全IMAX画幅holy嗨鸭希望有空去东莞华南摩尔的IMAX二刷,好评,na
成年以后偶然发现一部钢铁侠开始看了美队雷神找到联系发现新大陆似的到处给人安利反响平平过了多年变成一段传奇被别人当成童年回忆还挺有年华老去的沧桑的看着看着场面变成魔戒但其实毕业集的感觉更像是哈利波特或是GOT第八季刚刚过去的第二集大家都有各自的归宿有了离别的预期也没有伤感几处燃点全场欢呼意犹未尽妇联名副其实一起站了个场队长还剪了短发本命即使变肥宅也最终登上了同一艘船小蜘蛛也马上要愉快地放暑假Tomorrows gonna be another day,好评,na
其实不如上一部但是交待得很漂亮了漫威对粉丝是真好轻轻松松再战十年,好评,na
It is a decent goodbye thank you all,好评,na
只看过三部漫威电影人都认不全还是因为最近的热度来凑个热闹参与一下漫威英雄的告别被全片那种英雄篇章即将落幕的悲伤感所感动抉择与放弃牺牲和贡献都印象颇深情怀对我来说还是太有效对于漫威宇宙这十年未曾痴迷所幸见证,好评,na
全是惊喜全是彩蛋全是圆梦有欢笑有泪水有遗憾有希望有无法接受有新的开始十年如一梦但会记到永远,好评,na
高潮迭起完美谢幕血肉之躯钢铁之心凡人之力比肩神明这评价真的永不过时我都要哭了,好评,na
他终究还是完成了那场舞,好评,na
超故意真的超故意 其他先不想讲气氛是有生以来最好的一场有一瞬间感觉是在现场看球赛哭声笑声叫声掌声响成一片也只有漫威爸爸了,好评,na
我就想知道美国队长回去送石头带着戳子去的回来时候锤子怎么没有了,好评,na
所有的时空穿越电影都是扯淡于是在这里我们扯一个更大的淡,好评,na
完结了一切都怅然若失的感觉所有的宿命与情怀都在此交汇虽然可能不是漫威宇宙最好的电影但一定是对过去最好的一个交代感谢有你们的十年复仇者们,好评,na
注定是创作上戴着镣铐跳舞的一部各路粉丝的感受方方面面的情怀为系列后续剧情的铺垫甚至演员片酬都得考虑进去最后成品可以说是照顾到方方面面的最优解但也难免显得情怀是到了剧情却没有新的拓展点真的像是系列大型回顾总结大会所以精彩程度上更喜欢三当然四比三的优势也有三英战灭霸和最后双方大战作为高潮不负众望好几个画面终于拍出了漫威难得一见的史诗感,好评,na
It is truly an end of an era I am Iron Man,好评,na
作为一个算不上是漫威的粉丝看这个多多少少会有些情怀和感动的点是跟不上趟的加上此次在影院观影的效果太差导致我中途数次分心的吐糟聊了会儿微信又加上因为我不是看首映到处都被人无意中剧透了许多于是我并不能说我自己在影院被感动得热泪盈眶甚至我尴尬的说我对于英雄的离开并没有太大的触动但这片子作为完结片还是很精彩的用时间机器这个梗带着大家回顾了好多以前的经典时刻还填补了许多遗憾所以这个结局不管是死忠粉抑或是像我这样的路人粉应该来说都是能接受的而且作为超级英雄来说他们只会在永远在结束重启的路上所以传说不死英雄永生这在漫威宇宙来说应该也不只是一个口号最感动的是复联3消失的人们突然回来以及漫威娘子军汇集到一起的那里真是震撼,好评,na
一部电影一个时代下个10年再见~,好评,na
我现在没法冷静的评价的评价这部电影因为失望和感动的地方很多但有一点很肯定迪士尼和两位导演都是功利心非常强的人他们知道观众的笑点和泪点在哪所以可以直接忽略剧情逻辑往里面搪塞能带来爆点的东西,好评,na
所以其实漫威宇宙的价值观就是良心资本家+爱国军人=美国剩下的角色可以囊括神俄国人英国人东亚人黑白黄女人机器人半机器半人AI小动物小树苗但你们不管能力多强都主要负责扮演diversity不负责完成决定性剧情霸霸的手套锤锤的锤锤只有象征美帝核心价值观角色才配拥有不管制造出多少超神角色最后也必须依靠美国精神而非普世价值观拯救世界,好评,na
防火防盗防剧透的日子终于结束时长原因这部是整个系列唯一一部没怎么玩官逼同人梗的无论是观看过程还是看完都说不上来什么具体的感觉就好像一直在等这天,好评,na
Worth the wait,好评,na
天不生罗素漫威如长夜,好评,na
期待总票房到底能到多少高潮段落鸡皮疙瘩一阵又一阵所有人都一起鼓掌欢呼氛围太棒了当然也包括所有人一起哭,好评,na
一行人都说不好看只有我默默流着眼泪十年的陪伴感谢漫威,好评,na
伟大的史诗最好的落幕,好评,na
虽然槽点无数但还是TT,好评,na
谢谢你们青春有你们陪伴我很感动～雷神见妈妈那里真的没忍住,好评,na
或有意或无意的带上了元电影色彩至此数据的处理方式得到全解继续拍摄下去虽是必然但已失去了演算的乐趣终局是时间的告别亦是定理公式的最后验证与完成,好评,na
MCU22对于所有在满座剧场观影的观众来说都是难得的巅峰体验看着角色们死死生生从穿越回经典场景到大结局中走出的一个个在复联3中殒灭的角色观众惊呼抽泣这段电影旅程告一段落我入坑较晚但好歹是抓住了尾巴没有枉过一生2019年4月GV观影,好评,na
我永远无法理解有人觉得Thanos可怜我简直希望导演安排钢铁侠抓住他的头说Hear me and rejoice you are about to die at the hands of me you have had the privilege of be saved by the Great AVENGERS be thankful that your meaningless live is now contributing you may think this is suffering No it is salvation NOW TELL ME WHAT DO YOU FEEL TO FADING TO ASHES,好评,na
老伴儿孩子热炕头的世俗生活是终极幸福啊,好评,na
醒过来看自己晚上迷迷糊糊手帐上写的赫然是复仇者联盟4五军之战,好评,na
心都碎了眼泪根本止不住每次都一脸嫌弃但又忍不住拯救世界的人啊明明只是个凡人之躯由你开始由你结束最好的Tony Starklove you 3000 times,好评,na
24号上午就去看了说真的抱着全员死亡的心情去看得我还是看哭了我的铁人和寡姐,好评,na
趁着下映之前二刷了十年布局一朝终结既是旧的结束又是新的开始我会长久地怀念托尼寡姐以及能举起锤子战力爆棚的美队也会对英气十足的短发惊队小蜘蛛和奇异博士满怀期待期待未来十年漫威电影宇宙能更精彩多重宇宙X战警和神奇四侠的回归贱贱小蜘蛛蚁人和星爵的嘴炮联盟爱你们三千遍,好评,na
雷神大肚腩队长之盾锤妇联救蜘蛛Time Heist那么无赖的东西都出来了却没玩出啥新意思I am Iron Man 漫威宇宙由这句话开始再由这句话告别一个时代无聊文戏太多整个三四集除了兜售情怀说说冷笑话外比Joss Whedon那两集的娱乐性差了几个档次虽然第二集也被下阶段的系列铺垫弄得支离破碎再看到惊奇队长这德性总觉得前途堪忧,好评,na
感谢钢铁侠感谢漫威以后不会这样疯狂了我的青春结束了今天是场告别,好评,na
完了全完了今后不会再有泰坦之子宇宙计划生育委员会主任这些番号了灭宝庆啊灭宝庆你说你去惹复仇者联盟这帮混蛋干什么漫威十周年大型年会迄今为止出场角色最多也是第一部没有彩蛋的漫威电影真正的继往开来承前启后之作期待下一个十年,好评,na
昨晚哭着回来,好评,na
表白朗爹大家各得其所另外我好奇灭霸在里边是不是盘核桃了,好评,na
谢谢你们,好评,na
零点场快结束的时候有人隔着好几排嚎啕嚎啕大哭突然就变葬礼现场了,好评,na
比预期的要好很多本作多了很多情感戏很感人比如雷神和母亲鹰眼和家人当然还有钢铁侠的牺牲那部分最感人看的是漫威粉丝专场气氛和反映要比普通场好很多最后决战部分所有消失英雄回归的时候全场大鼓掌和惊呼,好评,na
超级英雄们也渴望凡人的快乐愿君如愿,好评,na
帝都算是妇联4全球首映了吧连老天爷都被结局虐哭了啊这雨下得真是时候,好评,na
冲情怀打满分高潮段落此起彼伏黑寡妇钢铁侠相继阵亡加上绿巨人被辐射成残疾这种扑面而来的壮烈感为了全宇宙前赴后继舍身取义的大无畏英雄主义怎么也足够我们肃然起敬当然作为电影本身bug也不少剧情上对不熟悉漫威宇宙的观众可以说很不友好但是作为收官落幕之作本片交上了一份相当不错的答卷足以抚慰漫迷孜孜以求的内心PS 现实的焦虑与竞争体现在漫威宇宙里混沌本是宇宙本质无论穿越还是拯救都是每个渺小人类逼不得已的选择为了生存拼了,好评,na
"复联一到复联四从初中到现在我爱了哭了
真实落泪数次目瞪口呆十几次三小时无尿点我都不知道怎么形容此时此刻的心情了
如果说哪个凡人能够比肩神明他的名字一定是托尼斯塔克",好评,na
怎么说呢  这部电影给那些人狠狠一巴掌  什么人  就是那些说这种电影也就看个特效的人另外  这个结局  意料之外 情理之中  电影院看电影  无数人一起鼓掌一起欢笑一起偷偷抹眼泪 包括那种过年的感觉  也只有漫威只有妇联4了  致敬英雄,好评,na
2019424 0000 A6 forever,好评,na
那种打了很多字又删掉想说很多话又说不出想写点东西纪念这过去的十一年却难以言表的感觉从二十分钟前看完到现在都挥之不去不擅长煽情只想说完整地和电影里的所有人走过了这一程是我的荣幸我愿意再爱漫威三千遍,好评,na
十年一梦传奇终结,好评,na
本非粉从头哭到尾,好评,na
感动的点很多但是结尾有强行退场之嫌      希望26岁那年有一辆奥迪RS7,好评,na
终于不怕剧透了～,好评,na
"

热浴盆时光机笑死",好评,na
我羡慕一代人有自己的故事和回忆我的父母那一代的记忆有各种香港大片 古惑仔 英雄本色 监狱风云而我的年代 我有漫威宇宙 有行尸走肉 有无耻之徒也有老友记 生活大爆炸 有漫威度过的十年是我的青春 用三个小时来结束一个十年是很难过的 钢铁侠那么想要回归家庭 有了摩小根 可最终还是选择了江湖雷神的妈妈问他你一定在未来的很苦吧 他哭了 你看英雄也是会悲伤的漫威的情节和梗一直玩的很好 我爱这个漫威 一直,好评,na
看的下午两三点的场没啥人舒服～～～,好评,na
奇怪的情景去年和我一起看复联3首映的大学班长今天在我身旁看到最后忽然啜泣起来唔他确是走心式喜欢这个系列,好评,na
但就电影来说四星但是很显然这部电影完全不能按照这一步电影的标准来衡量这是一个时代的标志,好评,na
我觉得复联4最大的弱点还是在动作指导毕竟这个世界只有一个袁八爷,好评,na
难得之处是作为终章即使情节不免要赶着趟地往前跑也仍能有心拿出大部分时间好好写人物情感真的全然仅仅来自前面21部电影的回响或者说拙劣地贩卖情怀吗不觉得主要角色几乎全都像在演自己的独立英雄电影那样饱满真实当然缺点也有惊奇队长的非人类存在在情感上与整部电影几乎没有关联可有可无到了最后的战争场面次要角色又成了背景板美国队长怎么可以拿I can do this all day开玩笑呢,好评,na
回到未来梗是过不去了吗,好评,na
当一部长达十年的爆米花系列大片和情怀捆绑在一起时迸发的力量竟如此之强烈,好评,na
"今天休息下午想到就去看了里面很多话语都挺有感触挺不错的电影
寸金难买寸光阴你戏弄时间时间戏弄你类似吸血鬼日记想要改变什么就要付出什么
也许还是卫生院的工作好虽然钱少人生就是寂寞如雪生活就是比较平淡如水但是电影还是一个不错的消遣方式还可以找一些其他的感想这部电影拍得不错的但是二刷可能不是那么值得",好评,na
你球风水宝地你球宇宙中心你球兵家必争全宇宙都想要来你球插一腿但是必然都得被你球革命浪漫主义本土超级英雄揍得满地找牙系列的敲锣打鼓式收场闭幕式,好评,na
我这五颗星星不是给我自己打的是给那些喜欢漫威宇宙的人打的漫威见证了我多少五味陈杂的回忆呀,好评,na
一切因钢铁侠而起一切因他而终,好评,na
I love you three thousand times 我哭的好大声,好评,na
Thank youMarvel This is my ending of Avenger era,好评,na
后半部分好看到我旁边那个一直用高音量给他女朋友科普的傻逼男生都顾不得回他女朋友话了,好评,na
好莱坞工业水平让人叹为观止就算了剧本也这么严丝合缝,好评,na
全程心疼灭霸2333 直接被按了快进连取钻升级都还没经历过就跟一群已经战斗过一次的妇联们打真亏哈哈哈哈,好评,na
居然觉得有点无聊了有个场面是女英雄们集结打怪也算是政治正确了吧,好评,na
这辈子在影院看的第二部能带来如此惊喜到喜出望外的影片,好评,na
本尼托尼你是我们胜负的关键,好评,na
可能不能更好了钢铁侠开始Tony结束爱了爱过,好评,na
"我爱你三千遍
舍不得说再见",好评,na
一家人就是要齐齐整整,好评,na
好看到什么程度呢我和暗恋了快一年的小哥一起来看我觉得电影比小哥好看,好评,na
原本以为会看到龙珠甚至是圣斗士黄金魂之类的中二戏码结果收获太多太多惊喜漫威终究是那个十年没变独一无二的漫威第一次看片尾字幕看到流泪MCU个人排名前三钢铁侠1复联4复联1美队2并列,好评,na
超级烂但也不可能更好哭的头疼睡觉,好评,na
一个为了让所有人都出现一遍的3小时英雄人物大混剪感觉再压缩一个小时节奏会更合适点啊不然除了追了11年的漫威的情怀真的只想打3分,好评,na
伟大无与伦比得伟大PS为啥幻视不想办法让他露个脸呢,好评,na
电影末尾美国队长卸甲归田光荣退休将盾牌和制服给了猎鹰山姆坐我后面的哥们不解地嘟囔道怎么传给黑人呀我忍不住回他黑人都能当美国总统干一届美国队长还不是小菜一碟说完这话我也不由得暗自赞叹美国这种爆款大片真是打磨得滴水不漏不只是技术和特效还有故事和隐喻不过这种政治正确并不让人觉得不舒服可以说它是一种狡黠的正确或者说是善良的聪明,好评,na
某人把武器传接给别人时我有种资源被队友抢了的酸感果然说到底复联就是偶像团体,好评,na
你们的崛起只为陨落,好评,na
我不是漫威粉但复联四让我第一次感觉到活在这个时代是一件还不错的事情,好评,na
你在未来一定过得很苦吧,好评,na
不算是铁杆死忠感觉这部收尾还是挺圆满的每个角色都有用心刻画和交代大集结的场面真的好燃这么庞大的作品剪辑和调度成这样可以了,好评,na
爱你三千遍,好评,na
只不过是一个阶段的结束 怎么那么多人看起来都像是看mcu最后一部,好评,na
35 为了第一阶段超级英雄结尾而结尾的电影依旧是充满自我反思与另一时空和解的电影但寡姐就这样结尾是怎么都难以让人接受,好评,na
上了一堂物理课用这种方式来讲亲情真是没法不动人看超级英雄开会很过瘾当超级英雄脆弱的时候你会觉得他们跟你在一起共情这个东西玩的很好,好评,na
虽然七月的小蜘蛛才是第三阶段收官之作但这部也是这个长达11年的时代的终篇了四平八稳的好莱坞商业电影剧本的琢磨和技术的高度都妥第一个小时在衔接上一部的剧情寻找solution第二个小时在铺垫和实现solution第三个小时打群架文戏还是略冗长但那么多坑要填那么多线索要捋那么多人物要交待也没法再压缩节奏已经挺好的了武戏不说了漫威拿手长镜头有点滥用惊奇队长这个角色有如笑话队长拿锤子盾牌一起揍灭霸和全员登场支援这两个场景把我激动坏了可比肩神明的铁人多谢不相信寡姐真的去了虽然还有可能回来我也爱你三千遍老坑都填了但感觉美队还宝石那块可能反而新开了一个惊天巨坑感谢11年的造梦谈不上铁粉但也能体会这份饱满丰富的情怀队长终于补上了那支舞但是还有下一阶段我们先不说再见,好评,na
粉丝向的太粉丝向的,好评,na
再见十年,好评,na
完美官方玩儿梗最为致命感谢迪斯尼,好评,na
由欢呼和抽泣组成的漫威影迷狂欢,好评,na
"这是一部即将改变整个商业电影历史的绝对经典
其实~
我也超级喜欢芝士汉堡
其实这部电影之所以称之为审视大陆屌丝的分水岭其实道理很简单首先没文化的人看不懂其次看不懂的人根本就是固守大脑舒适区的废物最后他们被人骗了钱还要帮人家顶热度",好评,na
长处很长短处很短心情如同过山车不得不说灭霸真是漫威宇宙里非常高级的一个反派3里就被他的理念倾倒4里他新的说辞又让我折服他的格局比复仇者们真是大太多了201951,好评,na
就算回到过去也总有人依然要说再见,好评,na
听说我们可以翻墙去FBYoutubeTwitter上给老外剧透了好开心啊主要我喜欢帮助别人  看完了感谢漫威给我们一个完美的收官,好评,na
本银护粉的大泪点是魔拉格星听到BGM简直嗷一嗓子哭了出来然后全程在心疼火箭上部里失去所有这部里又亲眼目睹男神的崩塌太惨了不愧是谁敢比我惨天团成员然后星爵你是不是又胖了都快爆衫了以后米兰诺号上就是两个死肥仔了雷神致敬The Big Lebowski加分然后阿灭真的很淡泊他干了那么大件事却不过是卸甲归田开菜园喜欢阿灭,好评,na
2019年啊那年我24了不知道那时我有没有结婚2016     2021年已婚且和老公一起看的复联4,好评,na
哈哈哈我看到有豆友在几年前畅享自己今年的复联4上映会不会结婚会不会当妈的评论恍惚有种时空穿越感啊,好评,na
剧透预警剧透预警剧透预警史诗落幕钢铁侠安享晚年翘美队嬉笑肥宅银护锤温文儒雅小浩克套路交待黑寡妇优秀的大结局无愧这十年,好评,na
我花这么多钱看电影 竟然给我看击鼓传花,好评,na
再见了十一年的陪伴愿你有所宁静,好评,na
漫威我也爱你三千遍,好评,na
"Avengers Assemble 
一切又回到最初阵容又浩荡了不知道多少把一路打拼来时经典的画面和段子完美地融合在一起史诗级的场面昏天黑地的混战这就是最好的漫威

08年的时候你想不到I am ironman将是结束
漫威所有的女神组队出击的时候你有没有想念缺席的她
小辣椒和他并肩作战的时候悄悄担心分离时刻的到来
量子领域也无法阻止队长被爱人困在过去

说了这么多也许就还是舍不得钢铁侠吧",好评,na
高光时刻就应该有四星队长我是山姆你听得到吗我在你的左侧瞬间泪目,好评,na
卡魔拉没回来过去的卡魔拉究竟会不会在银护3出现还未知寡也没了10个女性英雄同时出现那一幕说实话稍有些刻意了但是很振奋人心,好评,na
本以为接受不了初代退幕的结果没想到剧情发展与结尾都出乎意外的自然天下无不散的筵席这或许是他们最好的结局不过还是免不了看完心里空落落的英雄集结的时候燃爆了泪目,好评,na
真是没想到最终章会拍这么好 不管是剧情走向还是人物命运都无可指摘 频频落泪 一个终章该有的样子和气质都有了 尽管几家欢喜几家愁 我是觉得一切都是完美的 玩时空穿梭也是玩得溜溜的 也可能是因为我最爱的美队和蚁人都没有崩坏也没有死掉吧 没觉得有什么OOC的 漫威在我看来最伟大的地方就在于每个个体的差异让不同的人能找到归属和共鸣 其实客观去想每个人物就会觉得每个人都解释的通 毕竟是有核心价值观的而这个核心价值观往往和一些粉丝心愿相悖 多高的期待和多深的情怀最终都值得了,好评,na
众口难调作为一场事先张扬的告别还是宏大的也在幽默与感动角色的发散和平和归家中做了接近理想的权衡种种回溯重逢别去故人引向最后的大战情感上的积聚更是聪明的把最后一支舞留给你知足了星云的更深塑造是个惊喜比较大的一处失望在于惊奇队长格格不入甚至不该在本片中被推荐,好评,na
哭虽然一直没觉得marvel有啥好看还是一部接着一部看下去了感情分,好评,na
我永远都相信超级英雄,好评,na
近十年的故事线不疾不徐地汇聚至高潮又巧妙地让moving on的主题贯穿始终值得恢宏二字的爆米花片前小段联想到守望尘世感叹大基数下生离死别引发的社会行为太有东西深挖了中段没什么新鲜的拍法自我重复嫌疑大但结尾那个人的离去和那支舞的兑现着实赚人热泪,好评,na
1和过去重逢最后的告别予父母与亲朋与战友相拥从此世间再无初代英雄2钢铁侠用一生去履行I am Iron Man美队用余生跳完和卡特的舞黑寡妇永久留在了无尽深渊但凡英雄皆有代价3十年终章有幸见证每个时代都有每个时代的传奇不用抬杠无需嘲讽漫威就是这个时代的传奇,好评,na
差 很差 超级差棒 巨棒 无敌棒如果说全篇的bug是为了回忆每一个人 每一段情 每一缕过往重走那来时的路 重燃那心中的火焰那 我当然是选择原谅它看电影于我 始终是一个达成和解的过程十一年前 铁人拉开这一史诗大幕十一年后 由他亲手合上真是完美最后的最后他终究也是与小辣椒与他爱所守护的这个世界与父亲与自己达成了最终的和解,好评,na
无论如何这十多年有许多美好的回忆谢谢漫威,好评,na
没有让人失望,好评,na
好气不想接受,好评,na
除了惊奇队长漫威电影我好像全看了美漫也看了不少然而终局也并无太大感触印象最深的是彩蛋反而是谋杀绿脚趾和漫画美队黑化的吐槽以及一边看一边思考拍摄周期安排如何协调那些只在一个场景出现一次只让你拍一天的明星档期和他们的天价片酬比如Portman这样想想票价那么贵也就释然了呢,好评,na
Part of the journey is the end,好评,na
对于这样一个十年的系列这样的结尾还算过得去时间穿越带来的数据库式结构可以说无意间创造了最具交互性的影片而这样一个以IP造宇宙看似最反明星制的系列最终却仍旧以超级巨星的魅力为落脚点恐怕是最大的意料之外,好评,na
,好评,na
不算是合格的漫威粉好多超级英雄的solo片其实都还没看过 但复联可能是我唯一一部不落的漫威系列吧 作为终章有泪点有笑点有嗨点有和解有放手有牺牲还有满满的回忆杀每每都会被他们其利断金的团队力量感动到Hail Hydra 谁来拯救一下我奇怪的笑点还有锤哥的造型真是不忍直视ᗤㄥ 感谢漫威宇宙22年的英雄造梦单人电影慢慢补吧 Avec千首都电影院巨幕厅,好评,na
大型过年现场每个想看的角色戏都少的要死感觉在吃辣子鸡辣椒里挑鸡肉有些内容这三个小时感觉还可以删故意削弱战斗力过分了其实说是十年计划吧从复一看到现在大学毕业这么多年了埋的线还算可以没有失望,好评,na
需要先去看一下漫威世界里的十几部电影有个基础看的时候才不会一头雾水开头和结尾节奏都慢让人有个情绪铺垫和放松很好死了两个英雄不是happy ending,好评,na
难忘今宵,好评,na
全球首映谢谢漫威的生日礼物,好评,na
商业片也许做不到完美但在三小时里看到如此的诚意和热爱又何尝不是一种完美,好评,na
I love you 3000 我对漫威宇宙系列没什么情怀但是一部没少都看过亏得如此犹如总集篇的电影前半部分每一个梗都能get到笑点死肥宅Thor成了搞笑担当世界上最棒的奶奶意外的吃了很重戏份短发的惊奇队长帅到爆炸绯红女巫终于carry了一把讲真三小时的时长太长了很多拖拉的情节剧情逻辑也有很多没法自圆其说的地方可是最后的大决战值得之前漫长的等待当美队高喊avengers时千军万马来相会的场景让我不禁想起勇敢的心里华莱士的那句freedom以及指环王中圣盔谷战役那句为了刚铎I love you 3000 goodbye avengers,好评,na
至此复仇者联盟告一段落记得刚开始看漫威的时候无感毕竟不是漫画原著粉美国队长一类的就只给两星自从发现漫威下的这盘大棋之后一发不可收拾终局之战三个小时算是完美收官完美,好评,na
感慨的是有人可以组织出如此庞大的电影结构20多部整合在一起风格如此统一电影工业的完善程度叹为观止幽默紧张情感动作科幻奇幻等等风格完美融合如此多的演员调度表演风格统一到一个节奏上庞大的工程完成的如此卓越,好评,na
看完出电影院发现下雨了就是这么应景三个小时仿佛快进一般舍不得你们结束啊大家一起出现的时候哭到全身颤抖差点儿起飞太好了太好了谢谢你们辛苦了休息吧,好评,na
所有的内容跟之前完美贴合这剧本真太强了一个时代的结束太多回忆惊喜悲伤从钢铁侠开始到终结,好评,na
我不想活了不想活了我不想活了 爱你三千遍 我是钢铁侠,好评,na
"这已经是最好的结果已经是能看到的最好的终局之战这就是切切实实的我们这个时代的星球大战
PS 二刷复联4发现观感大幅度下跌因为当注意力不再集中在人物结局之后所有的bug和人设崩塌都无比清晰地显现了
但依然给五星吧in remember of the end",好评,na
84分十一年布局下得好大一盘棋漫威老一代英雄的落幕可能剧情确实算不了上乖但这十一年的布局绝对是前无古人绝对是值得载入影史的另外在人物塑造内涵还有特效上我觉得比什么速度与激情系列好多了电影节奏把握的也可以85分是应得的分数,好评,na
终于可以睁眼上网了,好评,na
量子物理学家找到放射物理学家联合应用物理学家拯救了世界,好评,na
哭得我稀里哗啦的 我觉得作为rdj这样的结局圆满了 作为Tony stark 我不允许女儿才几岁啊太残忍了吧 开头的铁都瘦的皮包骨头了 妈妈不允许 给他好吃的啊穿越回去见到爹简直是立flag 只是那时我还没感觉到 但还是挺好的 他的dad issue终于了结了 爸爸的最后一句话是为了他我做什么都可以 哭了 还有人型jarvis出现了 但我的Jarvis真的连回忆都不给一个 惨 那句 I am ironman有始有终好了你最棒了Tony Stark has a warm heart我不行了小天使说 I love u 3000times everyday,好评,na
87分罗素兄弟很能玩梗啊他们也非常清楚漫威电影里最吸引人的地方在哪总是能恰到好处的撩到影迷们的G点仅仅是一两个镜头就能引起全场惊叫别相信预告片预告片中的信息不到正片的5整部电影的氛围也远没有那么悲怆壮烈上映前的猜测大概中了60有重量级的角色离开了MCU也有些没想到的角色出人意料的领了便当总之避免剧透第一时间去看才是王道,好评,na
这一部是致初代复仇者的一封情书用意非常明显要给初代们一个明确的落幕每一位初代独立电影里的那些意难平在这一部里都得到了某种程度的圆满美队毕竟是罗素兄弟的亲儿子与复仇者先锋的名号呼应成了漫威11年在此刻的绝对精神领袖令人觉得良心的一点是这一部不再那么功利地为下一个阶段铺路即使黑豹惊队也要绝对隐匿在初代的光环下而且初代每一人的精神救赎时刻都拥有足够的留白和缓和时间但与此同时太注重情怀致敬也导致支线泛滥与主线情节失去平衡主线剧情显得有些急促实际情节推动得并不明显整体观感类似复联3信息量驱动走向,好评,na
现在你们知道春晚导演多难做了吧,好评,na
加上我对于漫威这十年来的情怀可以值四星吧整部电影的素质还过得去剧情没有太多惊喜反而是人物的出场安排有些许不合理导演的场面调度仍有可以改进的空间不过等待十年看到同框出现所有超级英雄的那一刻一切都变得不那么重要了,好评,na
2019年的圣盔谷之战曾建立在文学基础上的辉煌史诗现在由漫画来续写,好评,na
最终战燃到爆而且非常巧妙的把前几部的剧情回顾了一遍,好评,na
将近300元买的杜比首映场是真的不值除了花里胡哨的特效外一无是处没有插科打诨和反高潮冷笑话漫威就不会拍电影啦花了十年塑造的人物形象性格在本作随意全部推翻每个人所做的决策都不计后果意气用事幼稚且儿戏巨作难逃烂尾或许真的是个定律,差评,na
前20分钟真的以为罗素兄弟要捧出什么好菜适量精准的文戏和反高潮的设置让我眼前一亮然后电影就进入了前所未有的格外冗长的英雄重聚段落紧接着是打着红旗反红旗的罔顾所有悖论的时空旅行时间线变得空前混乱拯救世界变得空前儿戏好莱坞大片标准模式化叙事卷土重来当生命变成某种可以轻易篡改的东西它的诞生或者逝去就不会对观众产生丝毫情感冲击这也就是为什么片末所谓史诗对决还是被世纪初的指环王吊打所以21部电影的铺垫媒体的造神运动和公众的趋之若鹜开启的不过是一场极度粉丝向的闹剧一次对青春和情怀的过度消费一次漫威宇宙的自我致敬重复一次超级英雄电影彻底暴露其娱乐商品属性的全民跟风运动在零点场的抽泣欢呼和掌声里我感到自己是个彻底的局外人是时候警惕创作者对荷尔蒙居高临下的操控了,差评,na
无聊文戏多到过分了吧,差评,na
Im not satisfied史诗级的片长这么多年的铺垫漫威本可以靠这部最终篇跳出商业爆米花的标签谁知最后端出的依旧是段子爽点的乱炖一切都那么的刻意和不自然就像女士们的突然齐步走就像最后那一个响指就像明明该是巴基却给了山姆,差评,na
片長災難前兩小時既臭長又走板最後定住全劇的還是第三集就埋好的隱寓──鋼鐵人和薩諾斯其實是同一個人他倆將正義秩序追求訴諸於力量擴增擴軍鐵甲的最終結果必然將是自己輾壓其他種類的正義例如彼此直到絕對力量套上手指的一刻薩諾斯選擇成神東尼則選擇成仁才劃出了他倆靈魂的分別MCU的十年本質是屬於鋼鐵人的十年,差评,na
剧情太容易被猜想到了有点假虽然是系列终结篇但真的觉得没意思,差评,na
剧情混乱不堪科幻的成分几乎为0也就剩下情怀了,差评,na
铺垫又臭又长核心人物逻辑崩坏并且永远在该认真的地方搞笑你看我笑了吗️,差评,na
比预想中还更糊弄的剧情比上一部更少的人物场面却更加失控全靠观众自我感动MCU十年留下无数烂梗即便被打碎也不会化成灰散落风中恐怕再过十年也不会消失,差评,na
果不其然战斗场面仍然只会八百标兵奔北坡两方人马跑跑跑对前人作品的恶意醋意溢出屏幕抖机灵把所有时间穿越类科幻作品鄙视一遍之后自己搞出来一坨屎屎上还爬满bug锤哥真是倒了八辈子霉角色直接被毁其他角色也没好到哪儿去节奏一塌糊涂煽情刻意西皮则当作嗟来之食望你脸上扔唯一一星是给各位演员的这样豪华的阵容怕是很长一段时间都难再见了,差评,na
冗长无趣全程被巨大的尴尬笼罩一群女英雄站在一起那幕政治目的明确得我快吐了即使拖沓成这样戏显然还是不够分导致所有人物基本上跟会动的手办没什么区别一个商品英雄时代终结必然会有下一个跟上真有几分感慨之处可能也只是自己再也回不到看这样的电影还会激动的年代了吧,差评,na
"铁人和灭霸一换一寡妇一个人来一个人走美队体验完美人生灭霸吐槽我他喵被鞭尸两次吃瓜群众都活了
拖沓矫情的前戏+智商和实力飘忽不定的灭霸+打架从不抱团的妇联+刻意但硬不起来的牺牲+你不是漫威粉+死贵票价和时间=平庸的句号",差评,na
从首部到终篇因为故事线过多而剧情显得散乱的问题如今倒也成了风格 尽管觉得从某个角色着重讲述会有更好的结果 但也只能说是萝卜青菜 可为了煽情而让某人没有足够铺垫的拿起某个东西实在让人莫名其妙 当然这是小问题可以忽略 然鹅前半部分缓慢的节奏后半段有所改善和后半段祖母悖论导致的无法自圆其说的逻辑漏洞实在让我忍无可忍 当然对于狂热粉来说可能根本不会考虑到这些吧 早就被十多年狂热的情绪无视了一切bug 所以电影啊终究看个各自欢喜 但是如果想自己好好享受这部作品 切忌粉丝场 吵得影响观影体验,差评,na
BUG太多穿越设定太落下风打斗还不如上一部一个有印象的打斗镜头都没有美队结局大BUG地球科技太无敌只要你想无限宝石可以批发了作为系列终章太失望了,差评,na
只此一次下不为例电影宇宙是不准确的概念基耶斯洛夫斯基林奇王家卫等人的作品都自成贯通的宇宙借用信息科学的术语不如说漫威发明了新的类型片分布式电影文本分散在作为节点的影片中通过指涉联结形成网络部分的失败不足以影响分布式系统整体表意廿余部庸作集合起来便成为高鲁棒性的文本库复仇者概念无疑是时代的症候向谁复仇它揭示了幸福感恰恰建基于假想的敌人的存在标靶的现身在场予生活以意义当杀死反派也不能满足这战斗欲人们只得视死亡和记忆中的缺憾为仅存的对手来填补对幸福孜孜以求的冲动复仇者不会离去除非他们自愿如此当敌人再次无力地化为齑粉面对着彻底虚无的幸福他们似乎除此之外也别无选择了或许唯一勉强可算作遗憾的是系列片的拍摄进度没能赶上我成长的速度,差评,na
她不配有家人不配有童年不配有战争不配有爱情不配成为英雄也就不配有结局,差评,na
对于没什么漫威概念的我来讲这片子真是粗糙到可以到最后挤进一大堆本集前三分之二根本没出现过的人物想来是几部前集的根本就是百货公司玩具柜台货品盘点另外千万不要看粉丝场我出了近五年最贵的票钱结果边上三个小伙子一路奉送评论音轨不晓得自己是赚大了还是亏大了~,差评,na
一个剧本同时用上时间旅行加平行宇宙的时候就不要对剧情合理性抱任何期待了再加上10几个主角的前史负担不可能翻出任何新意只能在每场戏里抖抖美国屁股这种小包袱动作戏量少质差再加惊奇队长这种bug式的设定还有啥好打的缺乏悬念卖情怀又对我这种非粉根本无效整部片子看的好生无趣两颗星给勉强及格的决战看完我只想说终于结束了,差评,na
我的漫威初心不是钢铁侠也不是美国队长是2011年的雷神托尔这部电影我贡献了三次票房并在看完之后注册了豆瓣写了第一篇豆瓣影评这也是我标记的第一部电影对于看过复联四的人我想我没必要再说下去了,差评,na
"看过沙马兰的不死劫三部曲后再看这种虚假的悲壮感觉妇联4简直是过家家
漫威系列至今为止第一部完全拒绝非粉丝观众的电影剪辑运镜依旧延续之前的漫威样板戏风格结尾人人有镜头的大联欢影院中欢呼声与这谁此起彼伏穿越设定终于有了一丝久违的科幻味穿越戏的处理方式说白了就是套拍和素材回收放在超英片里也算是一记不错的情怀杀谁能想到波特曼会以这种形式回归呢但设定漏洞和OOC简直多到完全不能回头想跳崖抢先战和手套接力赛两场戏之荒诞堪比闹剧而且就这么点戏份真有必要拍部惊奇队长铺路么",差评,na
一场长达三个小时的大型过家家最后居然没有彩蛋害得我白等十分钟摔弃剧了,差评,na
这剧本大概是个普通fanfic水平的卖情怀剪辑还烂成这样完全不知道导演是干嘛用的,差评,na
对美国队长史蒂夫罗杰斯和对雷神索尔人格和过往的极度侮辱 恭喜你 恶心和逼走真爱粉 漫威你做到了,差评,na
妇联4一如既往的弱智剧情不知道多少人无脑跟风我相信有人或许是感动了但大部分在朋友圈刷文的都是跟风的因为这部只有特效和好莱坞流量明星的商业片网络上充斥着各种矫情做作的文章看得令人生厌真是散发恶浓烂臭就电影本身而言我不否认它的优秀的商业价值但看不惯那些跟风舔的人,差评,na
一个英雄在一部里厉害得不行在另一部里又菜得不行真的很强行雷神既然能在复联3走出阴霾后面也不至于堕落成那样最起码也能因为母亲的话清醒穿越回去什么都没有干就给美队拿了个锤子最后还跟着星爵了混真的是吐血,差评,na
罗素兄弟美国魔法特机场大战一样的烂群戏打斗场面就算了能做到每个角色设定吃书ooc成这样我也是想都没想到快两年了无论如何自我感动我都无法原谅罗素兄弟永远,差评,na
還我Nat  還我Cap 甚麼亂七八糟的結局Fuck Russo ,差评,na
更多更全更大更抒情但并没有更多实质内容比如人物发展动机矛盾之类的为什么砍手这一招就用了一次最后的解决方案在我看来甚至比灭霸的做法更有问题当然这是粉丝自我感动的狂欢时刻我这个外人为什么要认真呢,差评,na
前段时间为了中国科幻电影稍微出了点成绩刷刷情怀就是廉价五星这段时间用一个如此平庸的系列来缅怀青春就能够集体蜜汁高潮这届观众真的很奇怪,差评,na
对路人不友好的粉丝向电影三个小时真是超级拖拉前一个小时全是尿点完全可以上个厕所抽支烟再和门口检票的小姑娘劈劈情操中间一小时文戏也太多最后一小时高潮平行宇宙和时空穿越bug太多无力吐槽打斗也少不够爆米花复联系列还是第三部最精彩,差评,na
合着Endgame的意思是不结尾留着尾巴拍美剧,差评,na
导演只爱美队一个人对其他角色的恶意太大了把浩克和雷神弄成那样而且黑寡妇和鹰眼本来都有自己爱的人却争着为对方死这是什么奇葩的操作傻逼导演,差评,na
White male fantasy Women and POC are just tokens,差评,na
假如剧情要求葫芦娃或蜀山剑侠出现在花果山保卫战的援兵阵容估摸连周星驰都会觉得对无厘头将是前所未有的挑战梅尔布鲁克斯都会打来越洋电话传授灼热马鞍心得可乱入更甚的本片愣给你一本正经极尽煽情地演成了王者归来最后一战必须承认好莱坞确有一种将高度虚构戏说融入强烈写实感染的禀赋正夸无讽此与美国人的信仰执着和演员的表演方法有关但再突出的特长仍难免素材适配上限中土世界可往漫威群英未必填塞越界太多还想让人严肃以待深受感动难难难,差评,na
复联4说好听点叫集体主义 说更好听点就是另一种AKB48 批量生产的角色人设属性开始膨胀 对符号的过度消费 厉害了,差评,na
不想说话 各种被喂,差评,na
漫威你要搞情怀我理解你想打断同人所有路子也行你要让英雄去过自己的日子也能理解但这样的结局几个意思真的没必要没必要连带着把人姑娘原有的生活都给吞掉了也没必要那么生硬的选择无视背后另一个过时之人没必要,差评,na
唉难道只有我觉得相当难看嘛,差评,na
你把春晚30年所有老艺术家一起叫到台上来唱一首难忘今宵我都能哭得比这狠,差评,na
老太太的裹脚布又臭又长逻辑硬伤一大堆还有一帮舔狗追着打五星真醉了,差评,na
我一锤子锤死罗素兄弟锤哥队长绿胖人设崩妈不认滚啊鹰寡szd也是个笑话为一秒老贾尖叫,差评,na
快快走好漫威真的十年结束了你也该消停消停了你从开始的好好做电影慢慢变成了套路和圈钱这种剧情就好像拿枪逼着你让你哭,差评,na
前一小时过于冗长套路无聊的铺垫让我直接睡着导致后面的高潮像打响指一样早泄了用时空穿越来圆故事表明编剧自己也编不下去了,差评,na
几条故事线讲得乱七八糟所以惊队有什么意义我为了她能最后起点作用之前忍了两个小时烂片还有雷神 最后就给一个变胖流浪的情节有毛病,差评,na
3小时前面2小时都太冗赘了剪辑转场和一些逻辑都没有多考量人物刻画由于数量众多而被分散频繁抖笑料却没有更多而细节刻画顾此失彼商业特效明星扎堆大片的通病再次鲜明地呈现人物是被赋予职能却没有灵魂的超级英雄主题到漫威布局10年告一段落一代超英影迷们的记忆和情感被集中火力共情的段落感动而对于这些段落的呈现手法和功能性隐藏导演做的实在是差超级英雄可以做得深沉深刻又好看人物也可以丰满情感俱佳商业片同样需要做到结尾的落幕和开篇的混乱一样太刻意了,差评,na
灭霸绝壁是艺术家交付自身力量给予世界绝对公平然后孑然一身于某个孤独星球花园里终老反观打响指的铁人凭什么你们队友全活了灭霸的部下们难道都是没有家人可以全军覆没的嘛一星给猩红女巫也太好看了八,差评,na
首先我想告诉打情怀分的观众们这不是最后一部漫威其次这是我看过逻辑思维最次的穿越剧然后灭霸的刀能砍坏美队的盾女巫轻松毁坏灭霸刀侧面证明我狼叔啥也不是浩克雷神毫无戏份美队选择重过自己的生活现实没改变人们记忆也没变,差评,na
节奏真是慢得不行明白原本是想接着上集的结尾塑造一个比较低沉悲观的氛围结果由于拍得实在没什么想象力而且废话太多那些丧丧的东西变得缺少驱动而显得很做作少了一半人的世界塑造完全是没有任何科幻精神的人的粗暴臆想甚至可能连想都没想索然无味还试图说教一开始看得很累在不断快进下终于节奏变得可看起来穿越部分倒是萌萌的不同人的反应比较有趣别忘了这可是个浣熊说话满大街跑外星人的世界啊再疯一点才正常吧打斗戏基本没有可以留下印象的最后一战果真也是群殴只有战前大家亮相的一刻高光了心疼灭霸坏人坏事儿就坏在话多上了结尾比较满意还是很温馨的为了不悖论这种穿越终归都会归结到一个简单的行动上比如抢某样东西简单化和调侃了很多穿越电影倒是可爱的设计,差评,na
不讲电影逻辑的电影作为路人唯一触动我的角色是灭霸也只有在他身上感到了某种真切的悲壮与孤独,差评,na
导演为了防剧透使整个剧情空洞好猜特效打斗减少我觉得票价很亏还耗时间美队五五开公然开挂雷神连个屁都不敢放一下绿巨人地底划水形象塑造只为戴手套黑寡妇死的牵强描述不明确银护众果然还是为了搞笑惊奇大妈除了装逼就是搞笑一口一个负责任知道你牛逼了好吧我寻思两开挂女侠能挑灭霸全员我最爱的奇异博士不到三局台词还真的沦为划水ob小虫表现还算可圈可点不愧是下一阶段的一线人物可怜托尼最后还是靠死亡夺回了自己的c位最终战正派秀技能反派只能挨打四个手下只有乌木喉有个三分钟镜头不过美队电梯鹰眼出场三巨头打灭霸还是有触动到我算是精彩部分还有片子一上映周围环境就变味了好像人人都有情怀似的股市也连跌四天我的钱啊我好惨一男的还以为电影能像3一样给我震撼最后九头蛇万岁,差评,na
以为要看手撕灭霸最后发现看的是钢铁侠4,差评,na
最为史上最豪华最糟糕的肥皂剧 终于完结啦 试问一下 漫威这波太极打完 往后打啥,差评,na
十年那么多人那么多故事那么多心血那么多热爱最后就给我看这个我宁愿Thor在上一部化成灰最后的响指是美队打的而妮妮能给女儿一个完美的童年Begin with Ironman end with Ironman 期待着那些将要退场的人都能有个decent goodbye架不住官方带头OOC我爱的人们都已经死了精神或肉体都结束了,差评,na
完全无感了无新意不懂何故蜂拥猬集,差评,na
过家家429香港百老汇电影中心,差评,na
差到我看得坐立不安比3更壮观的万人肉搏让我一瞬间觉得是在看春晚的难忘今宵环节众星齐登台一个小时在找人开玩笑插科打诨随便治愈伤痛一个小时在混乱地完成任务继续插科打诨一小时在没头没脑地大决战然后无必要地杀角色+收尾哀悼搞煽情整个情绪控制都是脱线的许多镜头语言也是错乱的非常惊讶会这样的收官作靠粉丝漫长的感情就能卖座卖口碑可能是不需要担心什么了,差评,na
这部就是让你们哭得稀拉哗啦的终结之作这轮番上场的沉默毫无存在感的角色乱七八糟的剧情凭什么拿下21世纪的回忆杀整整十年不过是资本一场梦结尾还是历史最差视觉奇观都欠奉,差评,na
四部都看完的情怀给一分不能更多就这种大乱炖假煽情的电影居然浪费我晚上宝贵的三个小时评分居然九分你们的心不痛吗,差评,na
初中物理你都没学明白还整什么量子领域你算了吧罗素懒得骂,差评,na
把片中所有的量子替换成原力或者魔法又或者哪怕是超能力我感觉都能缓解尴尬程度,差评,na
中规中矩都谈不上完全意料之中终于看完了这个系列如果不是我做事喜欢有始有终肯定坚持不下来哎～,差评,na
剧情的bug多政治正确的镜头强行煽情跟复联3相比差了好多好多,差评,na
两星半太想将一切都说明白的意图导致前段有点过于冗长在群戏中蚁人和星爵这样的角色也很吃亏完全不给他们别的空间铺垫的情感是有效的每个人的结局都有了凡人之感这个电影剧作从结局开始写从一种结局跨过了好几个结局来到最终的结局也有不少借鉴学习的地方钢铁侠和美国队长完全胜出角色从生到死丰满立体 ,差评,na
很一般 剧情拖沓 本来一个多小时可以说完的电影 硬是拖成三个小时 故事情节也有很多漏洞 比如星云杀死了五年前的自己那她现在的自己怎么可以活下来 总的来说不值这么高的票价,差评,na
3我给打了一星没想到4能比3还差差还不算还疯狂注水,差评,na
中规中矩的爆米花电影  还有带看哭的,差评,na
对每一个角色都没有基本的尊重和爱基本逻辑都讲不通再您他妈的见吧老子可终于熬到头了,差评,na
就算是放在流水账里也真的太难看了,差评,na
儿戏,差评,na
漫威迷太狂热了才把这电影评分推到了这地步其实也就一般想不懂一个动作特效大片全程百分之九十在讲情怀而情怀一般是只有弱者才讲的东西,差评,na
pure american trash,差评,na
电影三个小时很多地方都是一带而过只是为了让所有人都出个场故事讲的非常流水账全是卖情怀消费粉丝回忆作为电影本身的叙事技巧基本是0,差评,na
￣工￣行吧行吧但是那些可爱的角色们活该得到这种结局吗难过太不尊重角色了十年啊十年的感情,差评,na
不是复联的粉脑残粉勿喷超级英雄电影感觉已经黔驴技穷了这个流水账剧情加上废话连篇靠偶尔抖机灵的台词真是太让人审美疲劳了结尾有点莫名其妙这个感觉卖的都是情怀吧,差评,na
首映的时候就看了反复在接受结局和辱骂结局中折腾了很久真的很难以置信我的十年复联居然是这样的收场,差评,na
剧情乱七八糟太多剧情杀,差评,na
说实话有点拖沓,差评,na
如果在影院看我估计我肯定离座而去了因为实在节奏慢想象力弱看点少好无聊啊而且审美也比较老土煽情严重儿童趣味什么时间旅行量子空间我不以科幻角度去思考乐呵乐呵得了惊奇队长也没什么p用灭霸也傻乎乎的额出现角色是非常多但真实浮光掠影没留下东西我有时候批评剧情不行影迷们就劝我看特效看打戏我这次批评打戏很差难道你劝我看剧情吗本来以我的标准可以打两星想了想改一星了,差评,na
我就当锤死在了复联3,差评,na
各方面都还欠打磨晚间8点档的连续剧花了180看到的却是这样的效果有点上当受骗的感觉,差评,na
"本人看到开场不到一小时抽身走人
电影就是一锅煮跟吃火锅一样英雄拿来乱炖
十分难看毫无美感",差评,na
很一般啊而且太长了有几个场面简直就是什么鬼哦扣一星,差评,na
實在不懂有么好看,差评,na
罗素标志的手持摄影减少无节制的玩笑史上最差最恶心的配乐愚蠢的文戏设计和剪辑搭配致命快节奏剪辑中的长文戏几乎所有的场景都是设计重复加上毫无意义的自我致敬和旧奇观重现带来了不统一的调度风格和表演方式全片情感线索不明突然出现的大量人物动机不明毫无铺陈有些情节的存在完全是满足影迷的奇葩需求展现情节奇观甚至看起来有一种影迷向电影的粗劣感我也喜欢钢铁侠但是这样的行为令人作呕三十分钟强行加长到三小时史上最差漫威电影,差评,na
你叨叨叨叨叨你好比浪涛三个小时叨逼了两个小时剩下一个小时组合王八拳乱抡,差评,na
75分左右差不多感觉不像电影了像电视剧整个过程太沉闷期待很高结果发现一般,差评,na
時間線悖論總覺得美隊的結局邏輯不是自洽的盾牌的來源容顏變老反而想重溫一下降臨前面鋪墊太長最後大戰調度又一團亂,差评,na
情绪稳定甚至冷漠jpg,差评,na
"真不知道导演怎么导的前面你来个先导片没关系可这剧23的地方全是打嘴泡拖剧情真的可怜我298元买的首映imax电影票剧情方面说实在的就是一部普通的爆米花电影没啥创新
ps我就不知道路人咋观影门槛太高",差评,na
橙天嘉禾IMAX没有注意到有比例变化有些场景画面应该是做了放大裁切了两边例如一些人物特写有些不适而有些画面应该是IMAX比例可以想象到普通屏幕效果应该很糟糕如史塔克在船舱里苏醒的一幕普通屏幕怕是看不到史塔克的额头3D效果很差应是后期转的不比不知道原来阿丽塔这么出色,差评,na
电影看完就忘的我 看这部真的很累 这部片子是赚情怀钱的  可惜我不是目标观众,差评,na
这是谁这尼玛又是谁文字太多了我睡了好几段,差评,na
依然很难看大多时间在假惺惺感伤逝去的人然后感伤队友各种蜀山那种特效故事还机器猫时光机最后依然是外星背景大战灭霸前面还像豆子杰克巨人那种童话小屋给人家首级了幼稚的剧情却各种暴力又不彻底的画面小孩看不合适大人看我想说除了卖腐卖萌煽情有什么看点吗钢铁侠战衣连纳米科技都省了直接幻化一件衣服ae网上视频教程学3天就能做出来那种效果,差评,na
我也算是从第一部复联看到现在了摸着良心问自己好看吗一点都不好看感动吗一点都不感动,差评,na
这么说吧这一部是最烂的没有前三部好看,差评,na
狗尾續貂 無限戰爭已經足夠好了 既然Steven最後可以變老 誰說超級英雄必須打贏來著 糖糖一開始斬釘截鐵拒絕 後來在虛擬機上渲染一個莫比烏斯環就決定參加時空旅行了這和Nat赴死一樣輕率啊 劇本末頁沒有類似不割也行這種notes嗎 2019年時空旅行還要創作類似tunnel的視效 是回到1983播西遊記嗎 大概就最後能催出二刷三刷腦殘粉的淚 總之不是我的,差评,na
如果一定要用一个例子概括这部电影的槽点大概就是在嘲讽完这么多时空旅行题材的烂梗电影之后自己做了个更烂的,差评,na
为情怀给满分但罗素兄弟不行️当华纳还在为DCEU发愁的时候罗素兄弟居然抄了正义联盟抄差生作业这个事真的很 说句zz不正确的这个世界迟早被种族和女权毁了🤷️我很遗憾活在这个时代,差评,na
千篇一律的流水线作品,差评,na
节奏完全失控前面太慢后面太乱,差评,na
看过几乎所有的复仇者系列电影这一部是最烂的强行煽情强行找补,差评,na
无感,差评,na
也就图个热闹,差评,na
如果评价一部电影的好坏要用粉丝解说理论支撑这就已经不算是好电影了从复联1开始就充斥着各种儿戏般的逻辑和莫名其妙的英雄排位就算钢铁侠系列在漫威公司发展中起了决定作用他的C排位已经崩坏了整个复联的逻辑体系更别说美国队长在拯救世界时强行展现的美国意识形态所以复联4依旧很情怀但也依旧很平庸没什么可吹嘘的,差评,na
依然没有解决人数过多导致人物全面坍塌的问题上一部还有灭霸来串主线这一部连灭霸都变得奇奇怪怪漫威就真是自己致敬自己了可以看做是前20多部电影的回顾总结开年会嘛总是要搞些煽情的东西大家哭一哭乐一乐回首过去展望未来但对没那么习惯自我感动的观众来说这一切都是太空级别的垃圾仓库大甩卖,差评,na
终局之战or终局煽情如果开头就是一通煽情没必要分成两部开篇就是一段接一段的情绪戏导演也不想想这两部是隔了多久才上映情节是续上了但是观众的情绪已经断层没必要在哀悼和悲愤的气氛中停留太久黑寡妇那场哭戏把我恶心的一匹一个个的脸上挂着些浮夸演技消沉个没完没了一星给最后一场大战除此之外没有了全是恶心的你侬我侬给力给气观感不如上一部我就算找部AV来看从故事性到剧情发展都能跟这所谓的终局之战55开,差评,na
作为普通影迷可以打三星爆米花合格作为漫威影迷只想说再见再也不见,差评,na
拉倒吧,差评,na
不如复联3整个剧本非常粗糙穿越后几段戏一点都不精彩黑寡妇的牺牲一点没有铺垫钢铁侠的死亡也很刻意复联3很好刻画的灭霸在这部沦为完全苍白的角色只有鹰眼的几场戏比较帅气被吹爆的结尾大战调度也是小儿科级别电影三星但是跟其他那些具有影响力的爆款电影指环王黑客帝国星战等等阶段性终章比起来真是差这种横向比较只能打一星,差评,na
英雄集结之后就变成party型长篇叙事散漫无力叙事逻辑崩溃之后只能依靠死亡但对死亡的刻画却努力地想要呈现深刻虚伪拒绝长大的人类永远摆脱不了史诗情结幼稚,差评,na
期望越大失望越大惊奇队长就是败笔,差评,na
看过unmoved 最高兴的是跟在坡的朋友们又相聚了经过两个多月沉淀决定改打两星越想越替雷神和娜塔莎不平不能忍,差评,na
爆米花电影被看成青春文艺片是什么奇怪的风向92的分实在对不起其他同等分数线的电影电视剧对寡姐的不尊重再扣一星886,差评,na
啊,差评,na
妇联一时还挺惊艳的看多了超级英雄片才觉得都是披着科幻皮的美国玄幻爆米花剧没有粉丝滤镜的话这部剧情爽点构图的套路和以前没有任何区别特效反而退步了三小时太臭长了,差评,na
时间太长剧情略拖沓3d头晕旁边哥们都睡着了,差评,na
还能更土更儿戏一点吗毫无思考仅靠煽动毫无敬畏仅余妄想好的科幻片应该首先承认人类的无知并跳出人类的视角去看待人与宇宙的关系而不是一头扎入狭隘的英雄情怀中自作聪明自我感动所以评价复联4很简单你把片中所有角色换成其他国人然后再想想自己愿意打几星,差评,na
弱智+无聊   我真不明白漫威这种三岁小孩喜欢的题材电影怎么会有这么多狂热粉,差评,na
无聊,差评,na
贼鸡儿没意思各种时间各种世界城市之间的穿越贼扯还挺俗弄出个大反派灭霸弄出各种帅哥英雄串起来供傻姑娘们意淫花了70块钱看了一半多一点时间退场不看了吃鸡公煲去了喝了瓶啤酒以解郁闷之情,差评,na
很遗憾可能我年纪大了完全无感,差评,na
MCU拍到这个份上已经完全和宏大场景无关了一切都是属于人物然而人物关系虽然立起来了但在太多时刻一切却都与摄影机无关它竟会如此不在乎眼前的空间和英雄的悲伤这部电影再次显示了罗素兄弟面对超大格局叙事时的无能和混乱反观美队2中恰到好处的角色数量和设定不过总的来说这部终章还是给出了一些属于这些角色的动人时刻,差评,na
咋说呢看着这么多人跪舔感觉好悲哀,差评,na
这是强大的品牌效应让我去看了这场电影3个小时我可以随便回复客户微信不用担心错过什么因为真的很无聊,差评,na
两星给致敬的英雄和彩蛋一星扣在吹了那么久的惊奇队长戏份少的可怜复活的英雄们也是一星扣在钢铁侠没有必要地没了黑寡妇也没个葬礼一星扣在打斗场面真的太太太少了还不如复联3看的爽快,差评,na
要不是电影院冷气太足我就睡着了,差评,na
没看过之前的就不要去看了 特别没劲一个多小时都在交代怎么回到过去 怎么集结仿佛在看韩剧  然后又是一堆感情戏不太能理解啊 ,差评,na
毫无逻辑可言又是老套的穿越时空,差评,na
没想到文戏那么长简直了本以为会比A3的械斗强一些没想到直接变成聊天片了好歹剧情烧脑也可以弥补下没有大场面的不足啊三个多小时快200多的票价你让我干巴巴坐看前面两个多小时枯燥的文戏你是要闹哪样导演你们为什么最后弄这样那么多钱为什么不砸在特效上,差评,na
对比来看还是Infinity War更加精彩作为时空旅行和各位人物的分支不可避免的要有重复性的复仇和面面俱到以及剧终式的牺牲作为英雄漫长的告别期待未来或许会有更多英雄和反英雄的出现 ,差评,na
希望漫威再也不要出这种圈智商税的电影了谢谢,差评,na
影片时常三小时好莱坞式的英雄分批次重聚占了两个小时全靠尬冷的美式笑话自认为人生意义max的废话连篇以及强行煽情影片时长能把人憋的想去厕所你却完全想不起来整个电影寡妇除了跳崖还干了什么,差评,na
特效,差评,na
难道只有我觉得是烂片么,差评,na
你妈的 为什么,差评,na
我感觉又臭又长观感不如第三部灭霸是个理想主义者种菜做饭茅屋文戏太多了钢铁侠上部那么牛逼的装备这次也没表现出来也没升级还期待奇异博士和灭霸的幻术对决结果在玩水柱,差评,na
为许多国产片感到不值,差评,na
这拍的都是啥居然86分,差评,na
最不好看的漫威三个小时浪费我三个小时做的腰酸背疼就是个集结号吹了两个小时,差评,na
每一个人物的行为都事先经过商业精妙的考量角色的死亡通常只能换来紧接着的几分钟默哀戏码然后其他人转头就能回归生活与战事层出不穷的段子和梗我都得抓紧问身旁的朋友才能匆忙跟上发笑都会慢人半拍观众上一秒还在低落啜泣下一秒就能捧腹大笑情境时常短路却仍要求观众强行回忆粘连以往的观影记忆以拼凑抒发出一种虚假的史诗悲壮感一种真正意义上的短视频思维观众被要求在情绪残疾与记忆达人之间精神分裂般的快速转换复仇者联盟就像某种时代病症的隐喻,差评,na
看困了,差评,na
37塊的票價很滿意了真要說有什麼回味之處的話就是借滅霸之口提出了歷史與記憶的問題人以什麼理由來記憶遺忘傷痛和失敗的歷史就是不道德的嗎想起了之前選題的一本書David Rieff的In Praise of Forgetting,差评,na
长达三个小时的煽情讲了点女权黑人,差评,na
我从放映一小时后开始睡到团战开始敢信,差评,na
队长线的合理结局难道不该是历尽劫难久别重逢的队长和Bucky在小酒馆里的吧台前并肩而坐就像1944年死别之前的那一幕吗圆了与卡特共舞的心愿过普通人的生活拥有平凡的幸福也就放弃了责任的确这个时间里不再有队长了因为队长可以没有很多唯一不能没有的就是他的责任感在他还是个瘦弱的布鲁克林小个子时他就有着最坚定的责任感因此我绝对不承认结尾作出那种决定的队长是队长你真的懂得老兵不死的意味吗,差评,na
我简直不敢相信这就是我心心念念了这么久的复联四我可去他妈的吧虽然我哭成狗但我还是要说一句垃圾作为雷神系列入坑的漫威粉我真的要实名辱骂罗素兄弟垃圾ooc成这样毁角色有意思吗可快去学学战争场面怎么拍再来吧只会荒野奔跑然后群殴肉搏吗我可他妈气死了罗素兄弟事实上已死亡,差评,na
感觉没有达到预期对这终局失望,差评,na
情怀就像一碗稀粥不能当饭吃饿的时候喝一大碗貌似既解渴又饱腹但一泡尿下去什么都没了即使加点白砂糖配碟咸菜也不行但要愣说它是珍馐那你可能要自我检讨是不是平日里垃圾食品吃太多了,差评,na
Neither selfcontained nor original,差评,na
在电影院差点没睡过去,差评,na
整个故事剧情很流水打斗也比不过第三部观感对粉丝较友好对路人很一般,差评,na
大家好我的性取向依旧是hot dad,差评,na
你们喜欢不代表我必须喜欢何况我还是真的不喜欢,差评,na
不好看漫威英雄电影后劲不足啊,差评,na
灭霸赢了因为只有灭霸是有灵魂的为了心中love和peace的乌托邦奋不顾身不择手段正面主角反而成了服务剧情的棋子他们被动的角色设计导致他们的牺牲和复活太过刻意甚至索然无味更多的只是为了续集电影的延续而复活因此围绕主角设计的插科打诨不够搞笑为主角设计的动作场面不够燃也不够壮烈因为他们都只是棋子而已,差评,na
3个小时讲的一塌糊涂可以说一锅粥都是老鼠屎了,差评,na
狗屎,差评,na
"10

从来对超级英雄电影不感兴趣也没看过漫威宇宙
豆瓣非得给我弄个三小时多的商业电影那我也不客气了",差评,na
烂片就两个字,差评,na
这大概是我看过最烂的时空穿梭的影片,差评,na
我在想如果同样的故事把英雄都换成换成中国人会不会尴尬很尴尬啊,差评,na
与如此高的期望相比失望在所难免,差评,na
圈钱剧情拖拉科幻片中的文艺片就服你还他妈卖这么贵,差评,na
无法欣赏用所谓视觉画面烘托起来的低智商剧情无法认可故事架构背后的价值观更是无法理解年轻一代接班中国大妈的从众心理这里钱多人傻看来依然没有过时,差评,na
这随心所欲的剧情杀九流的时间穿越理论次次冷场的笑话不连贯的角色塑造还有不可思议的时长只有Thor肚肚可爱作为肥宅观众激情落泪就算走不出来的时候也依然worthy,差评,na
利益相关洛基粉,差评,na
"烂尾了
想不落俗套强装深意却弄巧成拙
还不如复联1爆米花科技特效电影来的畅快淋漓
人设崩溃的好几个跟瞎编乱造的同人电影一样",差评,na
星战魔戒妇联第三代流行文化终曲挖掘老ip 尸骸何其愚蠢寻找新的星辰大海吧,差评,na
无聊,差评,na
很想再多给一星但实在不能再多了唉,差评,na
这是我看过漫威里面最差的一部除了最后一小时打斗的情节有没那么无聊前面真的闷得快要睡着不懂为什么那么多人说好看,差评,na
十年情怀啊朋友哭得稀里哗啦,差评,na
大片大片美国大片～,差评,na
反手就是一个一星,差评,na
朋友圈都是哭唧唧的影评看完电影发现除了想骂人其他啥感觉都没有时间线乱七八糟毫无逻辑就算了人设一个个崩得也太厉害了吧合理怀疑罗素兄弟是不是没有看过之前这些超英的独立电影看完3我就被烂到目瞪口呆没想到这部居然还能更烂,差评,na
这部电影评分能被拱上86是对豆瓣一直以来引以为豪的评分机制最大的羞辱,差评,na
一堆bug圈钱的被割的韭菜还当情怀美滋滋的,差评,na
分数太高了打个一星平均一下,差评,na
看个电影上了五次厕所前两个小时用穿梭时空对之前系列电影来了一个回顾最后来个英雄开会连飞马什么的都来了到处都是英雄看的我有点想吐了回头想想真不知道为什么还要看之前那么多漫威电影直接看复仇者联盟3 4不就行了真希望这种满足英雄粉子的意淫片赶紧结束罗素兄弟绝对业界服务态度数一输二的要同时服务那么多英雄和观众买完票进去都能爽到下次还有建国大业这种电影应该找这哥俩拍,差评,na
以后再也不想去电影院看特效大片了很没劲的感觉只想着怎么还没完分居然那么高上次看玩家也是这种感觉可能我不是漫威粉吧前几天看的调音师就有意思多了喜欢猜不到结局的的悬疑片,差评,na
太多逻辑硬伤比如惊奇队长连个手套都摘不下来猩红女巫在妇联三里跟戴宝石手套的灭霸还能抗一下这次一个空手灭霸还搞不定了本来英雄电影嘛就像七龙珠似的没啥逻辑架构打得好看带点情怀也就罢了漫威还到处埋线下伏笔也是动了心思的可没想到在穿越时空这一块尽嘲讽其他电影不讲科学逻辑这种五十步笑百步的情节我不认可两颗星一颗给特效一颗给电影院IMAX,差评,na
什么鬼,差评,na
裹脚布一样,差评,na
用行动证明逆转未来是同类型杰作,差评,na
虽然我真实的掉眼泪了 但是我对这个结局真的不满意 漫威系列唯一一个一颗星送给你,差评,na
Avengers Endshame,差评,na
快进看的,差评,na
年纪大了 无法对bug释怀 无法被煽情 而且实在坐不住三个小时,差评,na
再看超级英雄电影我就是傻逼 飞机上也不可以,差评,na
指环王用三部曲换一个史诗巨制漫威花了十年再见钢铁侠再见队长再见黑寡妇本来想给三星但想想美队的坑逼结局宇宙宝石个体功能的抹杀灭霸几乎无伤被杀的简单处理差评如果只有一个死我觉得应该是美队不是他该死而是他的人设最配牺牲的结局,差评,na
喜欢漫威这么多年对每一个人物都有感情所以最终篇是怀着期待激动的心情坐进电影院的但是我看的都是啥锤哥绿胖寡鹰队长一个个全在崩人设唯一没有崩的铁罐死的巨惨而且毫无必要更别提全篇的逻辑漏洞和情节bug还有脸diss回到未来这么多年的真心感觉就像喂了狗zqsg粉漫威果然是要遭报应的买那么多周边兵人漫画手办蓝光还有衣服鞋现在感觉自己就是个笑话几万块钱扔水里还能听个响扔给漫威结果就把我爱的角色们当垃圾一样踩十年系列电影的最终篇你就拍成了这么个垃圾玩意儿你对得起我们这帮粉丝吗,差评,na
作为一个总结回顾式的片子那就做个总结回顾式的评分漫威所塑造的这些英雄大同小异所呈现的故事大同小异什么力量原石时间原石也很小儿科什么一个响指减少一半人口就是一个敢编一个敢看想起了小时候看的数码宝贝之类的动画片也有什么勇气徽章力量徽章之类的这第四部里一直在回忆最后才打两下沉闷无聊有骗钱的嫌疑此类片子全民狂欢只能再次说明大部分人的审美就这水平都特么一天天别装逼了您配么,差评,na
漫威春晚大联欢初代英雄告别战从来只有新人笑有谁听到旧人哭,差评,na
商业推广做的比较好,差评,na
看叻开头就想走 人堵走不了 浪费生命啊 一点意思也冇 片子,差评,na
终于完结了讲了一个傻逼版的集齐七龙珠召唤神龙达成时间倒流的愿望回去杀死boss的故事,差评,na
现在就是后悔非常后悔,差评,na
前半段太无聊像是励志片中段穿越实验像是科幻片后半段群殴切换成超级英雄片结尾又成了上世纪复古老电影虽然穿插了很多老镜头老梗但实在看不出这部的亮点在哪里,差评,na
罗素兄弟傻逼在影院里哭到发抖做错了什么粉漫威十年被喂这样的屎,差评,na
给五星可以复活钢铁侠和黑寡妇吗不行那就一星吧,差评,na
无感喜欢雷神母子戏,差评,na
穿越偷宝石这点事有必要3小时嘛昂,差评,na
为了豆瓣勋章补打卡西方文明就是强盗文明如果一伙儿强盗被另一伙儿强盗打劫了怎么办自然是抢回来他们就是这点儿智商和能力了但是他们武德充沛所以更能够以德服人那些超级强盗关心那些都是没用的破事他们不关心巴勒斯坦人民的遭遇不关心战乱和作恶政府他们不关心战争贩子和军火商他们也不关心如何处理万恶之源的美国和英国政府我属鼠我骄傲一只老鼠拯救世界,差评,na
看完唯一感受是恭喜RDJ脫離漫威苦海希望我喜歡的演員都遠離漫威整部電影洋溢著一句話什麼東西這樣的電影也能賣座成這樣成何體統,差评,na
这是我看过最烂的复仇者联盟的片子看到中间我都能猜到整个剧情的发展只要多看一点美国的科幻片都能猜得到而且为了增加时间故意搞了一点情怀看来漫威的那个灵魂老头子走了那漫威也就差不多可以倒闭了故事烂就算了有情怀支撑整个片子把之前的演员都请过来凑人数而且最让我受不了的两个主演还挂掉美国佬不是永远打不死的不是一个人可以打权一千人万能吗这不符合美国人的强盗逻辑啊而且几位主演都相继凋零连美国队长都变了老钢铁侠挂了女主也挂掉了以后卖我想卖情怀都卖不了这是我看过最烂的漫威影片,差评,na
好失望啊完全配不上十年磨剑终极之战让人睡意连连的节奏强拼硬凑的人物剧情尴尬的煽情这也就是当完成个任务罢了我宁可记忆停留在无限战争仍然保有着期待,差评,na
给粉丝强行喂shi的巨作,差评,na
给这片子辩护和给毛片辩护是一个思路就是为了爽来的须知水钻奶罩和操逼或者操屌没啥关系看这片子如同意淫都找不到阴道,差评,na
很烦美国队长的道貌岸然 没啥用最后还享受了人生 黑寡妇倒霉 死了 但是人家鹰眼有老婆孩子 毫无损失 钢铁侠有老婆孩子 但还是死了 神烦感情戏 惊奇队长明明可以锤爆灭霸 但被恶意削弱 而且总是到的太晚又走得太早 只能酱油  雷神和美队毫无作用 但戏份很多 烦躁 其他人基本酱油 没用 看完觉得bug很多 不是合格的爆米花电影,差评,na
故事寫得太糟糕了預期被拉到這麼高結果你給我這種劇情復聯3可以打85分的話復聯4只能打45分當N多英雄從金環走出來復聯3那麼好的敷陳都辦壞了沒有殘酷的生死就沒有真正的超級英雄,差评,na
漫威邪教真的顶跟啊坤粉丝有的一拼电影一般粉丝高潮你太美了二星平衡,差评,na
拖沓缺乏逻辑情怀泛滥光靠情怀就值五星,差评,na
不是因为谁死了 是乱七八糟的真的很烂,差评,na
打这么高票价就能值得回来,差评,na
"电影值两星为了表示对脑残粉的鄙视减一星
刚上映的时候打两星现在重看依然只值两星
当导演江郎才尽的时候穿越时空是一个救命法宝既可以攒一部新片出来又可以卖情怀把一帮粉丝感动得不要不要的真是一举两得",差评,na
我终于可以理直气壮的说 从雷神系列13 到复仇者系列14 真正了解索尔的导演 唯Taika Waititi一人 真的生气 都搞什么啊编剧从哔我自主规制了开始偏向性就不要太明显 什么感动到哭 我是被气哭的,差评,na
低于预期太多剧情单调灭霸形象彻底崩坏为了反而反失去了复联三的魅力,差评,na
为两位短发女士打星,差评,na
这种穿越过去的烂梗只有在黔驴技穷时才会用一群观众被耍的团团转还在大呼过瘾吗按照这个逻辑可以开启无数的平行宇宙然后故事没完没了鄙弃玩情怀真是百试不爽不过最后都没有好结局,差评,na
不行当然不管怎样还是好过流浪地球和战狼,差评,na
罗素兄弟垃圾同人片,差评,na
发自内心的说这部电影就是为了流量明星拼盘的小时代超级英雄时代的春晚一堆狗屎,差评,na
看完觉得bug太多了叙事混乱剧情冗长其他英雄人物打酱油铺垫的不够到位不如复联3精彩大杂烩主题不够明显为了煽情而煽情强行生死逻辑性太差失望,差评,na
对不起但我真的没啥情怀分逻辑上bug一大堆黑寡妇死得也莫名其妙为什么不能趁灭霸是个婴儿把他杀了也没解释明白锤基党最尼玛惨凭什么啊锤哥怎么就变成一个废物了这才不是雷神呢脏话脏话脏话,差评,na
不是这种美国个人英雄主义我是真受不了大炮轰了半天还真就轰不死一个,差评,na
垃圾,差评,na
我的MCU最後一部或許一直這麼錯過時代也好,差评,na
你跟我讲这是Endgame能不能再差点完全就是流水账加卖情怀剧情智障算了你打斗和特效能不能给点诚意还有10年了豆瓣这一帮中国特色漫威影迷真是让我吐够了,差评,na
为视效加一星吧为了以后的剧集完全不顾前作的创作初心了各种强制煽情ooc人物以及主创脑残不统一的访谈解释美队毁于最后五分钟再见,差评,na
经鉴定复联14全都没有漫威各单片好看耗时3小时的复联4 前2小时靠一些熟脸和废话堆砌最后半小时靠一些英雄形象的谢幕来支撑精彩场面也就半小时情节更简单就是找宝石~打响指~~,差评,na
我们觉得太无聊了前面漫长得几乎没有尽头的铺垫两个小时没有起伏的剧情再加上粉丝没完没了的bbbbbb个不停年度最想忘记的电影,差评,na
作为最终章观影过程中的心理活动基本是我去这样也行卧槽那样也可漫威这么赤裸裸的秀全家福太恬不知耻了吧难道作为续集再续集的电影就可以违背电影基本结构吗或许粉丝向影片就是这样吧你可以完全忽视所有的逻辑硬伤和不合理之处一定会有人说你为何如此认真我想说这是DC小丑的名言,差评,na
在电影院看完撞死了一只羊之后溜进一个厅看了十五分钟第一个镜头是MARVEL STUDIO的logo然后是钢铁侠在飞船上与一个伙伴玩游戏看到出片名就不看了一来没3d眼镜二来要逛博物馆三来很不喜欢撞四来没看过妇联123五来厅里空调好冷六来好饿能拍到第四部的系列片好睇都有限,差评,na
灭霸属性压缩过头了灭霸队伍太弱都不知道怎么征服那么多星球的这样光地球的人就能灭了灭霸意思是地球人全宇宙最强,差评,na
多年后复联电影会是年轻人眼里的笑话这么多异装癖大佬搅在一起忙上忙下说要拯救世界不奇怪吗,差评,na
Not MovieNipple for rabble,差评,na
我没有粉丝滤镜所以就不宽容了,差评,na
我不管我不管还我灭霸,差评,na
废柴联盟拿什么跟buffyverse比 除了画面流畅点,差评,na
角色确实ooc了能级根本不匹配时空穿梭反常识反得太严重bug真的多3和4逻辑既都不通顺了旧片段太多根本看不进去片段化太碎了碎到根本不想在乎他们了,差评,na
雷神和盾ooc的特别明显醉了回到过去啥也没救和对象快乐的过了一生又回来了还有啊我们只有那么点粒子只能一人一次来回灭霸我们有粒子百万大家和我一起冲鸭惊队就更迷了存在的意义在哪战斗力忽高忽低这他妈为啥能九分你们这分打的,差评,na
工会电影票众筹影片,差评,na
拍的什么鬼 其实也怪我不该看,差评,na
太失望了作为十年的漫威迷我们要理智不能别人说好就跟风说好请问认认真真把所有漫威电影看过的人你们真的满意吗你给我的就是把cp凑在一起就圆满了吗最后结局难道不个人英雄主义吗那其他英雄是干嘛的内容太牵强太生硬了吧还原以前的场景难道不就是为了凑时间吗编剧不是在欺骗吗赚钱的目的太明显了吧你的中心内容是什么核心呢总结就是我知道为什么全球首映要在中国了还是中国影迷的钱好赚啊不能用这样的方式欺骗影迷的心啊,差评,na
不是漫威粉丝但天生吃长情告白式陪伴这一套 复联宇宙只有Bourne手持摄影风格的美队3在我心中是上乘 其他都逃不出爆米花电影的窠臼 无论超级英雄们怎么亲民式的嘻哈打笑都甩不掉他们身上的精英主义和套路 他们所有的内心世界加起来都不如一个Joker深邃 就像权游纵然恢弘庞大 但依然无法比肩挖掘个人和体制深度的WirePS 本来喷了一波其他时间旅行电影还以为自己会很严谨结果一大把一大把的祖母悖论真的没问题吗都是所谓的超英队列一边是核弹级的破坏力一边是一颗子弹一颗子弹地突突突真的能不出戏吗拥有一眼万年时间操控能力的奇异博士真的会像凡人一样打打杀杀争来斗去吗最后鹰眼真的不是渣男吗 773 IMAX,差评,na
时空穿越真是看不下去,差评,na
这类电影看过隔一阵就根本分不清1234了就几个形象而已,差评,na
对漫威的这些超级英雄都没什么感觉浪费三个小时看了个假七龙珠负分滚粗,差评,na
又臭又长,差评,na
上映nmb呢圈钱不要太难看了果断一星🤗,差评,na
体验糟糕上了两趟厕所以及不知从哪个方向总是传来剧烈口臭,差评,na
一开场就先把上一部没收尾的烂摊子了结掉然后大家一起没什么磨难没什么挫折地走了个过场堆砌完尴尬的笑点和强扭的煽情后再堆砌了半个钟打斗大场面最后政治正确需要完成工作交接男人战甲传给女人白人盾牌传给黑人男白人王位传给女黑人 比两年前的正义联盟还差,差评,na
这是系列的终结但却是工业流水线的开始,差评,na
羞辱 耻辱 这样的退场 我不接受,差评,na
中途睡着了两次醒来娜塔莎不见了钢铁侠死了美国队长把他形影不离的锅也扔了,差评,na
剧透预警真受不了上一集灭霸为清理人口打响指那次屁事没有这集是为了弄死钢铁侠强行加了个打响指自己会挂的设定啊开头灭霸用宝石炸宝石受伤说得过去你用宝石灭部队也死人也太刻意了吧捂脸,差评,na
别再刷屏啦 蟹蟹 票价也就那样 一个个搞得买了奢侈品似的 也别吐嘈了 本不介意被刷屏的 一群吐槽汪弄得我厌烦无比 只愿世界和平⋯⋯电影看完了学校公司的事做完了没,差评,na
不是故意的但忽然联想起美丽新世界里形容的电影了现在美国除了这样的电影似乎没什么挣得到钱的但偏偏这种电影在中国还是能赚到心里有点害怕了,差评,na
漫威英雄电影就是儿童特摄片用高特效去拍毫无意思支持科波拉和斯科塞斯,差评,na
天哪我简直不敢相信这种大杂烩居然在豆瓣能有这么高的评分打两星我都觉得高了都是烂透的套路乏善可陈各种bug最后的两军对垒完全是打群架的即视感两个多小时几度瞌睡好莱坞大片好吧不过如此,差评,na
没有三好看电影后面的人素质低大声说话五线小城市辽阳,差评,na
标一下做个纪念PTSD三周要move on了如果我是个路人大概会给354可惜我不是我曾经真诚的爱过某些角色不给1星对不起付出的感情谢谢它掐灭了我对漫改片最后一点幻想祝某老鼠在这个完蛋的世界里钱途似锦吧,差评,na
漫威打卡看,差评,na
难看需要补个情怀吗,差评,na
剧情不够情怀来凑,差评,na
节奏拖太慢本身不是铁粉没有什么情怀可言,差评,na
无搞笑无场面无剧情就是一锅英雄大乱炖而已N,差评,na
不培养情怀的话看这个宇宙就只有一个感想终章也这么难看也是不忘初心了,差评,na
做什么情怀呢 什么玩意儿啊,差评,na
惊队很忙,差评,na
揪着豆瓣上的好友们在戛纳看片而我却只能看复仇者这片子完全就是大杂烩耗时间,差评,na
我终于终于明白了Vice那句世界在下沉我们在狂欢大家想要的只是即时的快乐哪怕这电影在视效外的躯壳蠢得可以,差评,na
几部里最无聊的一部了纯碎是看个大结局罢了,差评,na
这有什么好剧透的根本就是大烂片啊,差评,na
Fantasy就是当制作越来越有钱 越来越好莱坞流水线 越来越商业模式 就变得失去那一点点的奇幻惊喜了,差评,na
客观评价也就是三星但是中国人这种崇洋媚外的心这辈子改变不了了要说国产点电影是扯这个就更扯了特效没的说,差评,na
被同事强行带去看了三个小时 又无聊又累,差评,na
电影票为何贵贵在时长贵在演员的片酬却丝毫不可能贵在内容多么漫长的一部结束比复联3还难看我也是很服气了为什么痛恨别人剧透因为这片子就这点东西说一点就透完了想来中国圈钱就请做精致好吗让我们被圈得心服口服,差评,na
"平庸俗气作为一个比漫威迷看的电影和漫画还多的观众复仇者系列电影至始以来就像在讲童话故事情感薄弱跳转极快除了钢铁侠这个角色其他的毫无灵气可言远远远远不可能达到星战和指环王的史诗高度或者说同是童话故事的哈利波特都比之高了几个纬度
奉圈钱之名屠情怀之人",差评,na
看完此片后我作了个统计所有露脸的演员中有19位获得过奥斯卡表演奖提名其中7位至少获奖一次另雷德福居然没有获得过表演奖再次证明好莱坞是铁打的营盘流水的兵作为代表一个时代的系列的最终章情怀和政治话题顾及的太多情节则太草率了再另如果要表达团结平等世界大同可以不要用美队来结尾吗,差评,na
灭霸  ಥಥ,差评,na
时间也太长了,差评,na
成人认为漫画意义深远超级英雄电影是伟大的影片只能证明人们还是没有长大bill,差评,na
真的吹不起来作为一个一路追下来的人只感受到了欺骗和敷衍以及初代为后者铺路的集体崩坏因为太强就不让她出现因为太强就肥宅消弱强行死亡强行给下一代退位上一秒鹰眼痛失妻儿颓废杀人泄愤下一秒就和黑寡妇互为此生挚爱我感到恶心和导演满满的恶意锤哥路过他弟的监狱房间看都不看一眼这也不符合一个之前怎么都不放弃弟弟的弟控还是死在自己眼前的自己最后抱着他等飞船爆炸的人人设崩没崩活成个肥宅欢脱且没心没肺最后还丢下自己的子民跑了真的很想冲到荧幕里去打醒他卡魔拉出现又消失那同样遭遇的我寡姐呢真的是一锅乱炖好生难吃,差评,na
流水账剧情,差评,na
我接受不了雷神变成肥宅就酱,差评,na
"到底反派为啥这么强老打不死太套路了总不死死的就是不续约的
从来都是突然一个错误满盘皆输然后英雄都靠幸运值赢回来",差评,na
unworthy,差评,na
全程打呵欠不是漫威粉三个钟头分开了三次看睡了三回灭霸之前的威武一下子变这么弱鸡各位小队员相亲相爱团结就是力量这故事好比小学作文,差评,na
"跟x战警逆转未来比差远了故事性甚至不如回到未来三部曲除了情怀什么看点都没有情怀真是越来越便宜了3个小时就是给你做加法的吗
但是唯一让我感到欣慰的是西方世界开始没落了因为他们已经连一部像样的主流价值观电影都拍不好了曾经他们是那么擅长比如1994年how time flies",差评,na
T台走秀,差评,na
别闹特别普通的一部商业片,差评,na
觉得一般般感觉就是打群架没什么主题比较散,差评,na
还记得小破球吗   不爱国的垃圾们,差评,na
罗素死了作为粉我真的不能心平气和的打这个分没有意外二刷之后我应该再也不会进电影院看任何一部漫威的片了,差评,na
内容廉价感情廉价想象廉价用武汉的街头语言来表达就是码头好吃篓子这应该就是写字楼里密室逃脱的闯关游戏吧美队的美国屁股到底还是被灭霸的电锯给割开了,差评,na
10分给所有超英0分给罗素兄弟组团去炸他们时喊上我,差评,na
强行煽情拖时间用时间穿越老梗没新意钢铁侠片约到期写死赚泪点再毁掉绿巨人让环球傻眼,差评,na
作为一个没看完所有漫威电影的人来说看得好累电影就像写作这篇习作原谅我给不了及格分,差评,na
憋着尿呵欠连天的看着一心只想快点完吧我要上厕所,差评,na
就 真的很PPT电影啊很没有诚意 就最后20分钟稍微热血沸腾,差评,na
复联一直很差,差评,na
没意思,差评,na
太一般了节奏冗长还是喜欢第一部,差评,na
垃圾,差评,na
还是老一套没意思,差评,na
浪费感情,差评,na
无聊至极,差评,na
鹰眼逮谁搂谁 臭流氓啊 美队钢铁双煽情 为下一个摇钱树蜘蛛侠疯狂打call 不得不说 最漂亮的还是菲弗和奥妹 过于做作的人物性格导致灭霸成了复仇者联盟中最讨喜的个体,差评,na
nah,差评,na
真不行,差评,na
漫威话本第XX回俏鹰眼情挑黑寡妇猛队长自己绿自己,差评,na
陪朋友看首映 电影院里鼓掌你们在鼓啥不下十次,差评,na
这是最好的结局我呸,差评,na
一星是情怀那三星也是因为情怀,差评,na
好吧我承认漫威电影确实在那些年给我了一些特别美好的体验那些超级英雄们确实都很美好但并不代表可以把所有超级英雄加在一起搞一部电影就很美味这完全最后就变成卖流量的破电影没有逻辑没有剧情就是高价请明星摆出美好的样子让你掏钱这个系列其实都很难看我看豆瓣评分都不低反正就是有人愿意买账还觉得很美味就是了这样能赚钱还有好名声的事情谁不做,差评,na
什么时候普通的机械战甲手套也可以承受六颗无限宝石的力量了黑寡妇鹰眼相互至爱黑寡妇不是和浩克组cp吗而且鹰眼有老婆孩子拍的还可以不过玩梗和致敬早就不新鲜了牺牲一两个存在感很强的英雄就能让漫威粉集体高潮飙泪这就是电影宇宙的好处DC你学会了吗,差评,na
三个多小时太长了文戏是无聊加bug多到数不胜数我都不懂怎么就这么结束了结局好不科学打戏是上一集一模一样再来一遍,差评,na
大乱炖怎么感觉一部比一部难看是我审美疲劳了还是漫威新瓶装旧酒,差评,na
不多不少 睡了一整个大战 行吧,差评,na
我要看复联视死如归打灭霸而不是漫威11年经典场景回顾展我要看三巨头背水一战破釜沉舟而不是初代集体谢幕仪式这不是终局之战这是情怀告别无限终章拍成这样我真的好遗憾寡姐和举起神锤的美队加一星导演莫名其妙糟蹋雷神也许是漫画梗抱歉我也只是个漫威影迷减一星,差评,na
垃圾电影卖弄情怀故弄玄虚剧情极差bug神多毫无诚意毁我青春,差评,na
编剧真棒呢每一句台词出来都知道下面会怎么接3个小时完全没有任何惊喜不还是有惊喜的谁能想到4的压轴大战竟然是把3拍过的再拍一遍呢Amazing编剧想让谁死让谁死考虑什么逻辑手套的追逐戏都把我看笑了真有趣你看手套被抢走了又抢回来了又抢走了又抢回来了最后惊队Excuse me你有事吗你在干嘛,差评,na
快睡着了情节逻辑人物弧光都显得极为弱智每个英雄的战斗力和智商都随着剧情忽高忽低各种插科打诨老套幼稚的烂俗梗反正我咽不下非常尴尬毫无灭世的危机感毫无战斗杀戮感各种ppt画面特效吧又比不上斯皮尔伯格欸好似春晚明星大联欢,差评,na
打五星的你们良心不会痛吗 大烂片开头俩半小时全是对白跟话剧似的打斗场面就最后十分钟比如前一部差太多了垃圾中的战斗机白花电影票钱太烂了千万别去电影院看在家等资源就可以了一多半人看到中间就走了,差评,na
虽然我看了首映 但是当同人文看我都嫌OOC 从队3开始就忍不下去了 熬到头了 886,差评,na
全片尿点,差评,na
辣鸡,差评,na
主打情怀的不合格爆米花电影3个小时的亢长无聊只为了圆各种梗作为一个独立电影一星都不想给人物为下线而下线bug满满结尾强行zz正确没有漫威情怀的只会看的一头雾水3个小时干点啥不好,差评,na
全宇宙人民说英语系列,差评,na
唉终究是不喜欢,差评,na
对我个人毫无意义的电影,差评,na
所有场景都朝着scene of the year去 所有笑话都极其刻意 虽然以前也是这样但这次我G点全部失灵了怪我 怪我 三小时在毫无波澜的心境和偶尔的白眼中度过,差评,na
低能,差评,na
3小时的电影两个半小时的 SHIT~,差评,na
以救世主的名义打着复仇和正义的旗号上演另一出血的恶斗历史书上相同的故事比比皆是希望蚁人没出现故事结束在孤老的灭霸身死形灭的那一刻,差评,na
复联4就是一张大合影而已 复联3我已经觉得很boring 可是和复联4比起来可算是杰作了 再加上各种骚操作以及318一张的票 我尽一点九牛一毛微薄的拉低评分之力吧,差评,na
还行吧莫得啥好说的,差评,na
节奏感太弱,差评,na
拖沓 松散 凑时间 音乐缺席 情绪尴尬 这是想学人拍严肃片吗,差评,na
挺无聊的,差评,na
"为啥我要看复联终局之战

漫威出品的所有英雄联盟那些低幼的情节为啥自己一次又一次要看

当人可以超越凡人成为超人的时候他的思维模式难道不会也超越于凡人吗

我相信在茫茫宇宙当一个生命体的能量已经远超于常人的时候一定不是用来继续停留在打打杀杀最原始的暴力上的

看到最后所有神级一样的角色都像当年抗日战争一样全部以地面作战方案在厮打的时候

我想创作者需要找个安静的地方冥想静养一下

然而我的寡姐就这么以东方不败之势跌落黑木崖挂掉了吗

有人帮我解读一下吗是我在连看三遍还严重走神下漏看了她有复活吗绿巨人的后期做得也太不像美国大片的水平了",差评,na
这剧情有点糟啊这些人沉浸在过去这么折腾明明也挺自私自利的拿自己和别人的命去赌所以说这群人到底比灭霸强在哪呢灭霸真是养的都是坑爹女儿还多了一个有bug的惊奇队长真可怜233没情怀凑个热闹,差评,na
一般般,差评,na
也就打打怀旧牌靠谱剧情和战斗场面都算全系列最差时空穿越就是个笑话花里胡哨地粘贴复制和仪式化道别让人看不到一丝诚意自我感动终究是有限的其实剧情的主题回到过去与自己或亲人相遇对于主角们来说既是一个机遇也是自我遗憾的再次补完穿越可以无限回溯或分叉因此产生多种可能最后剩下的那个抉择无论多么艰难选择必要的和承担的才有可能是真的在这个基础上进一步追问什么是英雄才有意义,差评,na
我没有情怀我觉得不好看坐时光机回去再战一次这样的梗实在太牵强了,差评,na
"怎么说呢很复杂的心情
这既在于不想承认自己是个纯傻逼
又在于这部电影除了文戏的有限提高之外一无是处
甚至这样的电影要比战狼2有毒的多",差评,na
垃圾,差评,na
希望越大失望越大,差评,na
"仅个人观点
1妇联4的票房成功很大程度上是因为妇联3挖了一个大坑灭霸有手套之后那么牛逼怎么可能打的过结果妇联4告诉我们穿越时空可以改变一切要是能这样任何一个牛逼大boss都可以这样被打死有什么意思先不说因果悖论我只觉得这坑填得很让人无语
2妇联4牺牲钢铁侠换来票房我这种非粉丝对此并没有任何感觉
3论制作精良程度妇联3比妇联4强太多了另外我觉得灭霸才是漫威真正的英雄但是灭霸不把自己的计划告诉卡魔拉和星云让我非常无语在她们小时候给她们洗脑不就完了吗瞒着她们有什么意思为了剧情需要漫威什么事都干的出来",差评,na
逻辑bug和行为心理学bug超多的复仇者联盟撞上了bug最多的题材时空穿越感觉就像看马戏表演好你说救不回来就救不回来吧你说穿越回去不是同一个宇宙回来就是同一个宇宙了真是开心就好,差评,na
这片子你告诉我怎么上的九分豆瓣上对洋大人的烂片真的是毫无下限地跪舔,差评,na
拍的很着急鸭,差评,na
漫威圈钱四部曲终于画上了一个休止符不断强行加入新人物各种拖时间的无意义桥段赶紧毁灭吧,差评,na
很差,差评,na
10年 我三个多小时都看了什么玩意儿,差评,na
失望除非对漫威熟悉否则根本无法产生共鸣前面2小时半在哔哔哔后面半小时打斗不如妇联1妇联3雷神3钢铁侠等,差评,na
有点尬评分也太虚高了,差评,na
一如既往的弱智,差评,na
完全不知道怎么形容通篇烂梗和情怀3小时的电影有2个多小时在嘴炮服了,差评,na
除去情怀与特效这部电影就是个垃圾,差评,na
粉丝电影粉丝是首要的电影是次要的嘛,差评,na
在接近三个小时的时间里实在没忍住脱鞋开始抠脚皮散场时脚皮抠得干干净净脚皮装在袋子里带走了,差评,na
我一个每一部妇联都去电影院看并零散看了几部单人漫威电影的人依然没有任何情怀orz所以一旦没有情怀就觉得整个过程真的巨无聊 看到中间某一段剧情就想走了另外 惊奇队长在海报上画那么大 剧情加起来有十分钟吗这不是欺诈吗气死我了 真为我坐疼的pg不值为了惊寡打一星,差评,na
看着你喜欢多年的角色一步步沦为搞笑工具复联4永远是我最讨厌的电影,差评,na
这部卖的是情怀所以期待太多就是失望了人物线太多收不回来全程煽情反派输的很无厘头 结局很仓促大概就是这些了吧还是希望妇联到第三部就可以结束了,差评,na
一群反科学设定的人在讨论时空穿梭是否科学可行就像东邪西毒南帝北丐在讨论飞檐走壁是否有违牛顿定律一样可笑,差评,na
这高分的水分也太大了吧三个多小时够臭够长剧情够幼稚够无脑说这电影好看的是没看过电影吗,差评,na
汤包和美队两人同框的画面每一帧都美不胜收,差评,na
90认真的吗大家寡粉反正第一个不服骗粉骗一流寡姐圈粉进的影院让我哭情怀看强推惊奇女士做梦吧很多情节经不起推敲跟看小视频合集一样一段一段的人物情感薄如纸人物关系乱如麻为了鹰寡粉鹰寡线倒是加上了可尴尬的一匹寡姐打戏都没有倒是和鹰眼打了让我去死的一架女英雄集合不应该是寡姐为首吗隔壁锤粉你们不哭吗合着一个神就这么被写烂了雷神123白拍了还拉洛基溜了一圈骗粉还不写锤基兄弟情我以为最后一部会好好拍的至少让我们哭情怀的时候是踏实地feel something应该是英雄们复仇的意志成就最后的结局不是这样乱七八糟跟历史回顾片一样漫威十年我骂一骂不亏漫画电影神盾局我一样不落全看了嗷嗷叫着泪目感恩十年的都不是真粉丝老粉失望极了因为胜负已分,差评,na
浪费三个小时在电影院,差评,na
前一个小时无铺垫各种感情戏中段整片开始一次性把所有最好的自黑的段子甩出来结尾新一代英雄集体走过场     缅怀钢铁侠那黑寡妇呢铺垫了几句好像很有道理的科学理论你就穿越改变别人的过去还拿东西过来就丝毫不改变未来漫威宇宙真的没有科学也不需要逻辑10年漫威完完全全结束主创里剩一个雷神再就业跨身喜剧行列当一切都彻彻底底被消费完以后漫威终将被时代忘记,差评,na
"一分给我自己的时间
一分给以前的初代",差评,na
烂片,差评,na
看的我昏昏欲睡虽然我看过钢铁侠妇联123朋友看完直接说是陪我看做任务的,差评,na
哪里需要什么剧情逻辑和悬念设计把前面的演员全部叫过来走一遍流水账过场说一句十年青春永不完结底下一群人毫不意外地刻奇跟风嗷嗷哭一波就完事儿了呗,差评,na
艹,差评,na
"对不起真的很流水剧本太菜了给特技一星给群英雄一星
本人纯属路人无情坏真的不如复联3看到一半就想走了终于受不了提前20分钟开溜",差评,na
大杂烩,差评,na
浪费票钱,差评,na
剧情bug数都数不清漫威下次圈钱能不能走点心,差评,na
"非漫威粉表示没3好看剧情比较单薄甚至平平无奇梗很老套人物潦草粉丝电影有情怀可能会比较high看评论大多数非粉丝都是这种观点面霸有点无厘头
长得最帅的钢铁侠居然死了

这种打来打去无脑拯救世界的点一直不太懂

这部电影的成功除了最终这个噱头主要是有历史原因在决定商业电影成功的因素从来不单纯是电影的好坏",差评,na
漫威电影主导了电影娱乐如迪斯尼买断所有人的童年不是件好事烂剧本烂表演烂台词烂人设,差评,na
信誓旦旦说不再看漫威这种爆米花电影的刷完何以为家时间刚好来都来了干脆顺带看一下吧虽然每次看完超级英雄电影都只有一个感觉还我的票钱和时间惊奇队长到底什么设定套路从独立影片就get不到点在这部里更是全程酱油看不出她到底哪里可以顶替钢铁侠成为新支柱了最可惜我的黑寡妇啊是真的惨一直呼声最高从钢铁侠绿巨人美队鹰眼都出场过到结束什么也没捞着就这样赤条条来去连个独立电影也让惊奇抢先了真为黑寡妇不值不如下个独立电影拍一下美队重新谈恋爱吧还有点兴趣灭霸让人非常心疼被车轮吊打最后响指也不管用了身边一堆二五仔漫威这样拍真不如按权游那样一季一季出趁着这个终于完结的宇宙再暗暗说一次以后不再看漫威任何爆米花了除了蜘蛛侠或黑寡妇独立对于基本看全所有超英的非粉丝来说我已经尽了自己最大的贡献了剧情差逻辑有bug的剧再也不想碰,差评,na
人太多故事好散没看过前面的故事全程我都在体验自闭者视角为啥他们一副要哭的样子他们那么依依不舍的表情是为了什么时间旅行黑科技一看就不靠谱不是吗三小时下来实在是太长了没有任何代入感实在是没看下去,差评,na
爆米花加情怀,差评,na
政治正确大片令人作呕,差评,na
还是睡着了,差评,na
罗素兄弟身体力行地告诉了我们他们对粉丝向电影的反抗因为粉丝都被他们气死了,差评,na
太可怕了观影前后大众交口称赞竟无人说差作为一个漫威客观粉只能说这命题作文算是及格照顾到了方方面面开头先回顾穿越后再回顾基本照顾到了每一个英雄的粉丝但刚真有什么惊喜吗每一步都能猜到而且前面节奏确实太慢至于穿越部分我以为还要来段硬科幻呢你还不如直接穿至于BUG那就太多了最失败的是惊奇队长给人感觉可以直接干死灭霸但编剧就是安排你不在场参与全球流行文化作为一部分确实是一件幸事但舆论场一片赞扬让人不得不想起流浪地球的情形大众舆论太可怕了～,差评,na
人设都已经ooc成这样还是无聊透顶还又臭又长跟风吹的还说是真正的史诗电影呢快别吹了吧真是笑死了,差评,na
浪费时间,差评,na
能把编剧开了吗,差评,na
比复联3更让人生气的只有复联4了雷神ooc成那样你还不如直接让他第三部末尾化成灰呢罗素兄弟两个垃圾玩意儿别祸害漫威系列了求求了,差评,na
不是真爱粉的话看这个真的很无聊,差评,na
没意思,差评,na
我想说剧情设置扁平化毫无新意创意剧情会怎么推进基本一晚看到底人物塑造扁平化看不到人物的成长性和矛盾性笑点迷之尴尬泪点更是要犯尴尬癌配乐也不行沦落到试图靠配乐推进剧情结果配乐反而成了败笔总体2星不能再多辣鸡,差评,na
我接受不了雷神的转变理解不了美队的选择托尼和寡姐的死无法和解漫威拍了那么多个版本的复联4然后把所有我接受不了的版本结合起来凑成成片看完之后我连分都不想打昨天才知道这么个玩意儿竟然还有85的高分我怒了,差评,na
平时看电影要是有人又说话又录屏又吵架又聊天的我肯定就发作了为啥今天我没吭声呢因为我特么的也想骂人太煞笔了这片子简直太煞笔了,差评,na
一个退休的老人在自己的小草屋安享晚年每天种种地晒晒太阳养养草一天正准备吃饭突然闯入一群穿制服的人员声称是政府派来的把老人捆起来并索要老人的钱财老人说都毁掉了这群人不信严刑拷打老人手也被打断最后挺刑不过被一个外号雷神的穿制服的家伙打死了请问大家找什么地方说理去,差评,na
三个小时剧情太拖沓成了七龙珠寻宝了堆砌拼凑的剧情真是不知道浪费睡觉时间来看首映,一般,好评
抱歉这谢幕我实在吹不出口剧情逻辑bug我都不care了人物ooc和潦草处理真的不能接受,一般,好评
复联3是一场寓言故事般的黑色歌剧惊艳不为过当所有人都在猜想复联4将用何种巧妙震撼的手法颠覆玩大了的复联3真结局结果你发现他们压根没有准备在这个环节下功夫只是以普罗大众的态度尽可能回归堆砌更多漫威内容生拉硬扯直接放弃艺术输出同时恭喜哲学家灭霸重新喜提服务剧情专用脸谱化廉价反派称号只能说情怀爆表电影不及格,一般,差评
冷静下来理性分析后文戏拍的着实糟糕过于依赖情怀对电影本身来说影响是坏的同时在逻辑上也可以发现很多很多的问题最后一场大战好看但是也趋于一般水平而引起我情绪跌宕主要是由喜爱人物的生死带来的,一般,差评
对漫威宇宙无感对超级英雄无感对好莱坞爆米花无感对超级动作大片无感的我还是乖乖滴跟风刷了原因只有一个这百年一遇的卡司阵容实在是找不到拒绝的理由,一般,好评
文戏拍的确实糟糕粉丝向的处理和运用对路人真是不友好过于依赖情怀对电影本身来说是坏的同时在逻辑上也有很多问题和误区罔顾时间悖论的时空旅行让时间线变得空前混乱大篇幅的漫威10年重要角色重聚拯救世界变得空前儿戏用最笨拙的方式自我致敬却是最被粉丝买账的行径摘除粉丝滤镜全程流水账记事角色牺牲在意料之中但这样对角色生死大权的操控还是不能附带所有的情感感同当生命变成某种可以随意篡改的东西它的诞生或者消逝就不会对观众产生太大的情感冲击对于同样翘首企盼这部电影的我这回面对所有电影院里的抽泣和痛哭有种彻头彻尾局外人的感觉这场悲剧是对青春和情怀的一次过度消费是漫威宇宙一次自我的重复致敬它精明的调动了大众现下可拨弄到的情绪 但我们是该警惕创作者再这样居高临下的操控了,一般,差评
虽然不是漫威迷但也看了所有的漫威电影虽然大部分是睡过去的这部从一开始就把影片的基调定的很伤感让所有CP相遇告别让角色重回当年的场景也是让观众跟这个超英宇宙告别已经纯粹是一部粉丝电影了拖拖拉拉的节奏和功能性太强的穿越设计故事已经不重要了最后满眼都是超级英雄们的生死和这十年的情怀了,一般,差评
地球人真厉害,一般,好评
如果上一部因为某个原因多打了一颗星的话那这一部因为同样的原因只能扣掉一颗星了而且不知道为什么在片长要溢出的情况下仍然要加很多无意义的笑料,一般,好评
35整个系列的全面回顾在各条时间线上漫游宛如自身亦在神游往事从2012年起的每个时间节点都历历在目此系列予我的最大意义或许就是见证了自己如何渡过地狱一季正如片尾传达的活下去才是最好的礼物仍是一部粉丝倾向明显的商业大片但并不妨碍每个观众投射于其中的主观情感我们在电影中相遇然后同样在影院的黑暗中分离目睹了一个世代的崛起及尘埃落定这种与有荣焉的参与感更多出于自我感动但又有何关系呢尘归尘土归土他们最终找到各自归宿我们亦会,一般,好评
给自己十年的情怀买个单怀念自己打五星时代的漫威真的对迪斯尼流水线严重审美疲劳这次还给我带水分的迪斯尼完美诠释什么叫流量电影其实这部电影看的重点就是那些明星偶像超英说说话蹦蹦跳跳而已观众不断告诉自己这是最后看到这个看到那个祭奠自己的青春抛开这些真的没有什么亮点电影并不是很出色甚至有些无聊我有时候很羡慕那些流量明星的粉丝他们一定很幸福看自己的偶像都是最美的最好的可惜我做不到了以后没有美队 钢铁侠 雷神可以轻松告别漫威,一般,好评
时间线混乱毫无逻辑可言只有后来的战斗场面让人热血了一点人物ooc严重化特别是锤和队先是把队13的感情线强行抹掉后来为了自己而抛下巴基无论是队长还是Steve都不会做出这样的事雷神更狠仿佛把雷神系列里的成长直接抹杀掉整部电影都被沦落为笑柄雷3的天神不复存在,一般,好评
总是在记挂过去的人永远都不可能创造未来紫薯の哲学家阿灭,一般,好评
灭霸死的时候竟然让我有些伤感如果对妇联有感情最好就把3当成终点4像大学毕业时的合影时间人在学校可心早已不在往往最值得回忆的竟然是大三那段回忆灭霸就是我们主任你个响指我的毕业证就没戏了,一般,差评
这片子几乎是个检索表我觉得可以在Netflix上做个带超链接的版本在不同人物时空穿越时可以点击进入以往漫威电影Doctor Strange竖起食指的时候不知怎么就想起了影像之书的手指,一般,好评
大多数的剧情朝着既定已知的方向发展情绪是真套路卖情怀也是真Marvel对Gwyneth真的是亲女儿了片尾咖位那么后面而且当中还有一句和Downey的台词是推销影后的那个不知所谓的Goop生意我 最触动的是Peter Parker递给Carol手套那里数代女性角色得以接近全员集结虽然画面定格不过几秒又略形式但从最开始的花瓶配置常换常新到发出声量的惊队等更多她们同样走过了太多To every AWESOME sheroes,一般,好评
好的地方也有但不好的地方也特别显眼,一般,好评
前13 part看几位超级英雄洗尽铅华过着常人的生活体验着世俗的情感几场戏下来还是有不少触点然而接下去不争气的我又睡着了,一般,差评
算是罗素超常发挥了吧 ,一般,好评
超级英雄电影主创和影迷观众完成了一场超大型告别会英雄有了各自归宿主创完成各自使命影迷告别各自青春欢笑也好泪水也罢在时间面前都混合成彼此心有灵犀的感动复仇者联盟的最后一战不负众望但是抛开所有自我感动的情怀在二刷复仇者联盟4终局之战之后我发现我无法再对影片产生连接我发现影片更像一个时长三小时的美剧前期回顾+时空穿越+下回分解我不得不佩服罗素兄弟的缜密设计所有影迷想要的他们都做到了甚至还隐藏不少惊喜但也因此我能看到扣在影片上牢牢的枷锁复仇者联盟4终局之战是一部合格的水准之上的作品它给了角色与影迷最好的交代但缺乏令人难以忘怀的电影之独立自由的灵魂,一般,好评
拍的真是一般高分多数都是情怀罢了,一般,好评
剧作平庸叙述平庸但有些时刻非常伟大当人们面对灭霸这样难缠的魔头不仅需要宣扬个人英雄主义的icon还需要icon团结起来PS美队的翘臀诱惑指数满星对美队结局非常不满,一般,差评
没啥故事烂大街的穿越梗就是个漫威联欢会想办法让以前的主要人物都出来露个脸说说话比划比划比第三部差远了睡着两三次一次眯了一下一睁眼就看那XXX死了刚才还聊天呢啊没彩蛋看完赶紧上厕所去吧,一般,好评
就像是一场大餐最后的压轴甜点努力满足所有需求努力挽回所有遗憾努力搅合所有想法薄薄的糖壳裹着玻璃碴玻璃碴盖不住剧情漏洞和人设矛盾所有人物都留下了意难平这电影凭什么拿到豆瓣91分,一般,好评
中规中矩排除粉丝滤镜我只能给3分,一般,差评
所谓的情怀并不足以掩盖这部大乱斗电影的平庸,一般,差评
人多场面大平铺直叙给大家都争取了个露脸机会只能说安全上垒勉强及格没有任何惊喜说真的不是粉丝就别专门去看了我这样每部不落的看完感觉也就那样9分8分的太可笑了感觉做成这样也挺贵的吧给个75分不能再多了,一般,差评
初代英雄集体谢幕对十年漫威企划的圆满作结巨星阵容太臃肿情怀需求攒得太满已经严重挤压了故事空间这个结局对所有主演和漫威来说都是一次彻底解放就拿这集来说穿越做得实在太敷衍和潦草了当然将22部融会贯通回顾一遍必定感人至深迪士尼和漫威在IP经营上确实是全球的老大哥除元老外其他基本都是客串我奇异博士戏份就少得可怜已经尽量将各方面考虑平衡到最好了吧,一般,好评
本最该有史诗感的一部却在史诗感上让人失望了漫威在插科打诨全员嘴炮吐槽这个写法上用的有点过了不过结局美队的选择和那支舞倒确实惊喜到我他的人物落点也圆满了,一般,好评
换导演好吗拍成这样对得起那些英雄吗仿佛官方同人短片集锦大场面指环王的格局海王的实操节奏还不如呢结尾想想超人之死那一段真诚和扎导道了个歉片不好好拍营销倒是一套接一套,一般,差评
可能只有我心疼惊奇队长吧别人是人设崩塌她是没有人设,一般,好评
"1  说真的diss别人写影评插科打诨这部电影不是吗
2  前面一半每个角色看着悲痛但还是时不时说着段子冷笑话
3  回到过去见亲人或许对粉丝很友好但真的有点巧为了情怀加彩蛋bug层出不穷这真是一部好电影该有的这会还是有各种投机取巧的段子还有星爵听歌那段我真的不是在看抖音
4  黑寡妇死跟钢铁侠死气氛的确营造的不错这里加分
5  惊队的意义就是把漂泊在宇宙的钢铁侠救回去然后对电影推动起不到任何作用
6  上面一点就暴露了一个问题一部电影讲述的人物过多就会碎片化更何况还有那么多没有实质性意义的角色三个小时显得非常拖沓
因为是这阶段mcu最后一部电影7分",一般,差评
其实根本没有什么好剧透的黑寡妇个人格斗能力估计还不如徐浩峰牺牲她换来灵魂宝石是最经济的钢铁侠和美国队长早就宣布不续约了不是死就是退休后半段的大决战在特效上也是乏善可陈还没有复仇者联盟3好看漫威这样再拍下去真的来不动了,一般,好评
好吧迪斯尼你赢了再有续集不会去看了感觉是大数据编剧谁的粉丝多就给谁发便当四分之一的人都不知道谁是谁粉丝向电影发了好多糖,一般,差评
确实是粉丝电影比神奇动物2还要粉丝向对超英没兴趣对演员没兴趣的看不看无所谓了特效也没多炸裂,一般,差评
不是很好看剧情拖沓感情戏又臭又长又乱泪点没有燃点没有就只那几个镜头很好笑惊奇队长就是个扛飞船的伙夫看不懂她存在的意义喜欢的英雄还是很可爱的,一般,差评
好一场宇宙量子时空橄榄球,一般,好评
营销满分赢得是流量作为漫威系列的终结篇评分虚高可能是我的期待值过高,一般,好评
这电影拍得不像是一家大型影视公司的憋了很久的阶段性答卷反而像一家濒临倒闭的影视公司为了在倒闭前最后一次回馈老客户而强行凑出来的作品老人集体退群但是没有接班人不是很懂漫威接下来要怎么拍我觉得复联34的故事应该拆成三部来讲会更好,一般,好评
我仍然可以为我爱的超级英雄们尖叫但是蹭了那么多时间穿越电影的逻辑漏洞自己的时间线已经是筛子剧本逻辑太差了,一般,差评
无话可说 稍微好一点我都能闭着眼睛吹 这次真的太烂了 毕竟他们演的这么辛苦还是给个三星吧 真的很可惜 我觉得RDJ也会觉得可惜吧,一般,差评
复仇者联盟4终局之战消解并重构了超级英雄所代表的含义回望并告别了那些记忆尤深的人与事这是结束也是开始,一般,差评
灭霸提前退休的故事,一般,好评
1量子领域量子纠缠灵魂宝石平行时空 这些完全可以发展出崭新世界观的有趣设定全部丢掉退行到无聊至极的回到过去梗整一个回顾漫威十年大彩蛋 2阿灭干掉全宇宙半数生灵其他星球的人在干嘛呢坐等惊队救赎吗不来围剿阿灭吗没有一个铁人就够了为了情怀抛弃世界观合理性和戏剧想象力拍MV即可3所有角色都沦为龙套在头号玩家式的大混战里丢丢斧头打打手枪就算完成这些人物的交代了吗未来漫威的主角就是一个毫无性格毫无设定背后站着一群女权簇拥的惊奇队长了吗收官之作可以继往不用开来了吗漫威影业停运了吗4结果复仇者联盟是一个不怎么用心思考只知道维持眼前伪善怀旧温情的右派保守主义蠢货令人完全失去了对他们的共情并为阿灭遗憾一个时代终结希望下一个能更有勇气,一般,差评
"从钢铁侠1到现在姑且算圆满收工吧从开始的惊喜到现在的疲倦可能罗素兄弟水平也就这样了商业考虑大于剧情合理性的电影不过好歹漫威成了之后应该也不会有这样的成功了
你自己的时间穿越也就这个水平啊何苦嘲笑别人呢
最后的大战好看在哪里组了一个妇联",一般,好评
22部至少睡了15部那种最后一部没睡是最大的尊重了,一般,好评
也算是看了最大的不满是对于一部商业作品181min实在是太长了太挑战观众和院线了全员回归超强卡司统计了一下演员中包含了3座奥斯卡影后2座奥斯卡影帝2座奥斯卡女配1座戛纳影帝1座戛纳男配1座威尼斯影帝1座威尼斯影后1座柏林影帝1座柏林影后1座洛迦诺影后甚至还有1座奥斯卡最佳导演,一般,好评
其实和十来年前漫画市场上发生的事情没有多大的区别漫威凭借更加贴近生活的英雄策略占领市场DC则沉湎于过去的荣光不能自拔偶尔拿出些好东西却又随手抛弃那时的我多半会嘲笑如今这个平心静气面对偶像化英雄的我吧然而他并不知道在他眼里怎么都不够顺眼的黑暗骑士才是他梦想的神话时代最后的余晖如今一切都更糟糕了MCU这个阶段的结束希望是超级英雄重新对正义发出疑问的开始金刚狼和蝙蝠侠不能再TMD继续缺席了,一般,好评
看到那些在前些集里死掉的角色一一出现泪下才知道原来那么想念他们那时我年轻我爱着他们所有人,一般,好评
你们自己说值不值这么高的分这要是DC拍的直接6分以下一个半小时的前戏无限多bug的时间旅行最后来个全体人物大出动就完了说实话漫威要还打算这么拍电影可以预见的崩塌我从未黑过漫威电影但这部片子能9+就是个笑话,一般,好评
MCU可算补完了我觉得之前还是看错罗素兄弟了这部大决战真是一言难尽大概乔斯韦登来做会好点主要是OOC让人无力吐槽归结起来类型还是没拎清楚复联3是挺清晰的夺宝冒险片这部按照夺宝冒险片来说宝物对人的考验就做得太不够了心思都花到煽情和弥补内心缺憾上了说好的考验呢诱惑呢有些任务支线就变成不太合格的偷盗片了大动作和剧作技术上没什么大毛病小细节就接连呵呵了而积累起来就实在让人如鲠在喉这么说吧开了头的故事都需要一个结尾而已,一般,好评
一般,一般,好评
挺好忘记过去就不能改变未来所有恶势力也都会化作飞灰跟赵无极一样飘来飘去,一般,好评
根本不用别人透这片完全可以自己剧透自己只要掌握几个推理前提第一片酬贵合约到期的都会体面退场越贵越体面第二后续电影和三部曲还没拍完的不会有事还得留点伏笔第三女性和少数族裔肯定政治正确但迪斯尼价值观不会允许任何BG结局和回归家庭以外的可能性然则肥宅和妈宝招你惹你了嗯结尾真妇联堪称最大笑点三星,一般,差评
只值三十块,一般,好评
基本就是我上小学时就跟同桌比谁的圣斗士贴纸上人多的水平,一般,差评
时间线乱成翔了一堆bug 气死我了本来美队一句avengers assemble我都要哭惹ps竟然还有银翼杀手梗以及是I love you 3000不是I love you 3000 times,一般,好评
"营销做的真好商业价值也太大了吧

漫威还有粉丝哈哈哈ಡωಡhiahiahia",一般,好评
感谢天感谢地感谢你们终于完了,一般,好评
史塔克的女儿真是可爱极了可惜万万没想到临东城史塔克的后台就这么绝后了,一般,差评
总还是有些角色处理不够完满和逻辑bug的地方但是作为一部十年总结之作名副其实的终章它在回顾前作上做的确实不错漫威里我很在意的就是阿斯加德线也算有所展现遗憾不是没有也很难让所有人都满意但漫威还是让这十年的布局有一个非常成功的完结毕竟最大消费群体是路人他们一定挺喜欢这部片子的三星半,一般,好评
几个闪光时刻敌不过官方炒冷饭带来的煽情导向这次片尾真的没有彩蛋 全程1901满屏 IMAX09,一般,好评
我不仅不气我还看得有点开心虽然三巨头人设血崩镜头毫无美感剧情简单无脑三个小时的时常完全是因为叙事太啰嗦节奏太慢所致但是但是打斗大场面呀就像是回到了超英漫画的基础关公战秦琼众好汉各展所长轻舒猿臂款扭狼腰哇呀呀一通乱打打就完事了再撒上一点催泪的感情戏和一点其实get不到笑点的笑话齐活至于什么剧情设定什么人物弧光就当是在放屁好了没期待没失望,一般,差评
理智让我忍住了打一星的冲动 编剧和导演真的让人服气 除了消费情怀恶意煽情外并没任何做得好的地方 白瞎了这么多年的经营浪费了演员的表演,一般,好评
平静地结束了高潮不够故事又散真的没必要3小时初代的谢幕让人唏嘘美队的戏份多到直接暴露罗素兄弟的脑残粉属性啊以为是跨年结果是聚众吃了顿宵夜想说的太多但啥也没说清还我妮妮,一般,差评
英雄集结那一段还是有小小感动和热血和前几部一样整个故事基本没有让人惊喜的地方套路化的剧情叙事表演抒情仅作为一路追来的这个系列的终结似乎也没有对于完结的感慨和不舍,一般,好评
男人的脑嗨剧太他妈傻了女人为爱付出也很多包括陪老公看傻逼电影,一般,差评
反正300块出去了以后不要再拍了谢谢,一般,差评
那么多人去打一个老农民挺搞笑话说回来也只有漫威粉能熬过前面两个多小时然后还要吹,一般,差评
简直非常家庭情节剧了,一般,好评
给你三星就算仁慈了看完电影过了快10个小时我依然意难平最意难平的就是寡姐凭什么要那么对她电影放到一半她就那样孤单的离开了我后面一直期待着有反转结果呢她连个葬礼都没有后面大战所有女超英集合的时候我很隔应了明明该有她的C位却没有就那样孤零零的留在那罗素兄弟凭什么这么对她还有我的天神这条线还能更敷衍点吗他是神啊罗素兄弟有尊重之前塑造的雷神吗Cap最后交接盾牌的时候我真的一脸这什么就这样随便交代了A1的他听到Bucky还活着就松手了然后最后他居然放弃一切和佩罗素兄弟把属于盾冬的给了盾佩良心不会痛吗托尼的反应堆熄灭的那一刻我也不能相信他一介凡人却要承受这些惊队一整部到底干啥呢三个小时下来我唯一流泪的地方就是寡姐和鹰眼还有锤见到母亲那部分,一般,差评
紫薯怪为什么替宇宙这样操心啊我感动了,一般,差评
并没有被感动估计是美国漫改的煽情套路先天免疫漫威英雄背后的国家想象,一般,差评
谁能想到时间机器里同时走出来那么多合同到期的英雄,一般,好评
上部是原石被抢得轻而易举这部是原石收集得轻而易举顺便了却了一堆遗憾为了弄个决战高潮又把另一位面的灭霸拉了回来群殴一次结果也没殴倒还得靠响指,一般,好评
355一部力图弥补A故事打怪B故事人生所有遗憾的电影无论银幕内外体现的都是时间的力量时间在他们脸庞台词和羁绊的痕迹再看一眼的告别感几乎满溢出来漫威用11年22部60小时创造了一个影剧合体的工业神话带来史诗和喜剧的类型融合彩蛋的准则嘴炮的公式先进的技术落后的宇宙观大村平权的政治表达保守的主流价值它给电影本身创造的价值有限但让更多的人走进了影院共享某种流行文化的fans仪式看完既有感动又觉得这种感动过于熟练就好像一个作品的丰满最终是为了自我致敬也许这就是我们时代的精神热闹平庸单调,一般,好评
中规中矩就是随便随便回忆全员露几下脸而已算是基本收尾了有点失望时间穿越原理和为什么原石都能重启宇宙却不能复活死人都被糊弄过去了惊奇队长这个角色真是仓促又突兀美队玩九头蛇的梗还行电影开始前买一送一拿了两杯奶茶美队拿起锤子那一刻差点尿崩,一般,差评
1美队亮眼2所谓第三阶段终结的仪式感过于强烈以及勉强 牺牲故事本身 3大决战一锅粥 完全没掌控好 4商业片才是电影的精髓 好看的艺术片多如牛毛 好看的商业片则寥寥无几,一般,好评
寡姐美不胜收惊队大力出奇迹迪士尼都特么给我哭于是乖乖哭人脸多到可以从土桥一直排到五棵松平成最后的春晚,一般,好评
除了煽情段落和彩蛋其余情节真的不是在糊弄影迷吗,一般,好评
身为漫威多年粉我这三星给的都勉强超级英雄大片看多了导致看每个笑点都在导演前期漫长的铺垫镜头磨光了耐心我只有一个一点也不好笑的表情面对它们 以及有些趴真是bug的厉害 鹰眼本来在山崖上吊着后面又在水里醒过来 小蜘蛛五年还是高中生 他的校友也是吗 总有人毕业了吧如果你说不看逻辑爽就行了尼玛不看逻辑的片子你给我打9分 何况爽吗 这结局你告诉我叫爽爽到砸放映屏罗素兄弟再见,一般,差评
粉丝情怀应该大满足但非粉丝就会被平铺直叙每个人都要顾到的节奏拖得有点心累,一般,差评
"作为一个没有在观影过程中疯狂尖叫和号哭的伪粉丝没能加入这场回顾十年总结十年的狂欢反倒觉得目的太明显对back to future模式进行科学的否定但也没能圆出来自己的逻辑还有女性英雄集结亮相这是打算冲奥么镜头方面就不苛责了罗素兄弟动作设计的长处还是发挥了出来但是还是请回指环王看看怎么拍两军冲阵叭
这部拍完漫威得退坑多少人估计是要倒闭了",一般,差评
没啥好看的,一般,差评
不如X战警的逆转未来 92分情怀分也太高吧  惊队人设全崩,一般,好评
其实我睡着了一小阵但今次有点get美国队长最喜欢的是督爷,一般,好评
剧情过于琐碎拖沓调侃前人的时空穿越片结果拍得还是那套最后的大场面也没那么震撼终局就这样有点失望,一般,好评
每次看漫威都会睡一会,一般,好评
35 开头把穿越电影都嘲讽了一遍结果自己的bug比谁都多,一般,好评
就是部爆米花片不值得那么大的舆论造势精神内核就是美国战狼整体比复联三差很多时间倒推的片看过很多这部相对粗糙很多,一般,好评
单独给最后一小时4星,一般,差评
上了一天班之后再看这个好困就像一半时间都在进行回忆的肥皂剧无论是绿巨人那诡异的神态还是死肥宅版雷神都让本片看上去像是在一个奇怪的平行宇宙里的作品几乎全员复出将破坏了前作厚重的悲剧气氛最后也只是随便拉了两个早就说要退出漫威的角色来意思一下想还原好莱坞经典叙事而不得特效场面也乏善可陈整部电影看上去就像是硬凑出来的,一般,差评
赶脚看了3小时的bug作为终章显得有点潦草了,一般,好评
还不如不看上集大结局就可以了铺垫了这么久这就完事了,一般,好评
看哭了是因为角色罗素还是一如既往的boring,一般,好评
钢铁侠正犹豫之际奇异博士伸一支手指示意合约到期啦最后一部啦别墨迹赶紧哒灭霸为了理念牺牲自己一个响指无差别减少一半生物钢铁侠为了亲友牺牲自己一个响指实现了有针对性的种族灭绝话说灭霸想干的事不就是流浪地球开头的牺牲三十五亿然后拯救苍生么,一般,差评
主要是看一个大场面和情怀剧情逻辑一类没法儿细究的,一般,好评
610叙事至少包含七位英雄有独立的故事线索还要让他们在碎片化的时空穿梭中与母亲恋人宿敌重逢产生情绪起伏同时承担着推动主线的发展取回无限手套杀死灭霸军队恢复宇宙秩序代表两种美国价值观的钢铁侠自由主义和美国队长牺牲精神做出了与性格截然相反的打算钢铁侠抛下家庭慷慨赴死举着破盾走向灭霸的美国队长卸下责任穿越回爱情身边可这两位高光人物也无法享有叙事中重要地位为了掩盖超载的信息量只能通过打败反派拯救世界等与前作无区别的主线任务简化人物立场用时间线重塑来汇聚碎片化的信息持续刺激观众的神经因为缺乏剧作调度技术上的审美诉求本片加入了许多雷神堕落为啤酒肚死宅钢铁侠调侃美国队长的美国翘屁等粗俗喜剧元素来转移观众对庞大信息的理想阻碍大特效带来了电影内涵的毁灭,一般,差评
35结局处理和预想出入很大万万没想到是牺牲了整个系列最讨喜也是我最喜欢的角色作为一个95后虽然不是漫威粉但确实是看着漫威电影长大的甚至看到一些对前作的致敬梗以及导演本人的客串还会会心一笑尽管剧作上还是脱离不了公式化的通病但能感觉出对于这部十年布局的收官之作导演还是不想让其彻底流水线化因为主题和时空穿梭有关导演一直在做一套和主题呼应的的剪辑体系以及浪人日本戏份的长镜头处理全程通过刀的指向做视角变化都是在导演层面做风格化的尝试作为漫威第一阶段的灵魂人物最后的葬礼太潦草且肤浅了但美队卸任确实处理的不错,一般,好评
人设崩塌强行塞笑料很没意思bug这么多还怎么好意思提别的时间穿越片虽然以后很难看到这样的阵容开开心心操场打架了有点难过但是还是不想因此加一星,一般,好评
野心太大体量太小除去集合战斗拍出史诗感其他部分都是流于表面剧情不挖人物的及格分粉丝电影,一般,差评
确定好看我觉得我屁股以下都肿了唯一的收获就是尝了哈根达斯的新款味道还不错整场就是这货眼熟这货是谁那货又是谁剧情像小孩子的逻辑好人复活了坏人消失了死了俩好留点谈资啧啧啧逻辑一堆bug也没觉得特效多好ps屁股是真坐疼了,一般,好评
希望越大失望越大太想把所有感情线都交代一遍了搞得特别琐碎再就是太政治正确了还搞了个女英雄集体亮相最不能忍的是让黑人当美队我倒是不歧视但是德不配位啊,一般,好评
35 对于粉丝来说足够emotionally satisfying的结局漫威在有了坚实的群众基础之后终于敢在电影里放入不少减缓节奏但着重刻画情感的moments更有的意思是种种建立在时间陪伴与记忆之上的狂热票房反应说明当下最成功的流行文化娱乐产品的内核其实是类似老友记的美剧式情怀而跟审美关系不大,一般,差评
情怀卖足也挡不住剧情的bug完结篇就这样吧没有初代情怀影院里一些人哭出声的时候只会想这里的牺牲真的很强行灭霸真的很惨了一个被砍了头一个来未来送人头事业都没完成,一般,好评
粉丝向电影圈钱联盟,一般,好评
还行吧视觉效果和娱乐效果不如上部浓浓电视剧感每人都灌鸡汤实在太齁,一般,好评
很尴尬作为一部超英动作片只能打两星导演对大场面的调控实在太差招牌式一窝蜂的跑令我视觉疲劳手套接力这个唯一有趣的场景被糟蹋了亮点停留在点缀一些角色的梗比如小蜘蛛的瞬杀模式但缺乏值得细细回味的战略设计作为一部送给粉丝的情怀收官之作本片当然可以打满分可惜我不是核心粉丝首刷时觉得节奏太拖沓前一个半小时几乎没有动作戏结尾又花近半小时交代抒情但第二次看才意识到其实文戏很大胆在这样体量的商业电影里通过托尼寡姐雷神三个角色讲述了 PTSD 不同切面的抑郁表现所以值得加多一星,一般,差评
六分不能再高了别被里面钢铁侠死给煽动到不了九分这就只是一部合格的爆米花片,一般,好评
群战的第一个画面还行但大多数时间的剧本都让我觉得WTF电影撕下了灭霸虚伪的面具却无法赋予集结的英雄们如同指环王中一般的崇高,一般,差评
就像吃了肯德基全家桶,一般,好评
这个片的主要观众应该是12岁左右儿童最后一部毫无惊喜,一般,好评
复联好不好看已经不重要了最感慨的是好莱坞真厉害,一般,好评
保持冷静是很难的事情吗被情绪裹挟绑架的口碑让人瑟瑟发抖总拿青春十几年说事好像别人不感动就不配看复联同样支持了十多年每一部都看过同样满怀感情但本作确实拍得很一般看之前特别特别期待若不是imax效果的支撑真看不下去三个多小时前一半个点铺垫得又尬又长说是复联3的巨型彩蛋也不为过结尾本该高潮的战斗场面拍成了魔兽的群魔乱舞一顿乱干积攒的情绪瞬间丧失殆尽靠着钢铁侠的煽情才算收回来一点鹰眼绿巨人雷神都变成巨婴了吗没有主角光环的他们除了酱油还有什么作用这就是超级英雄教给我们的插科打诨如果做个大混子黑寡妇牺牲的那场戏设置得非常强行本该有的悲壮更像是两个抢着结账买单的人惊奇队长的间歇性在线持续性失联就更别提了倒是直接偷了敌方水晶还不如猩红女巫猛,一般,差评
我看超级英雄电影始终是看小孩子过家家的心态这怎么破,一般,好评
35,一般,好评
看过所有前情电影的怪力乱神爱好者表示 这剧情 太坑了 无数bug 你高兴就好 葬礼那里的头身比和远近景比好奇怪啊 连奇异博士都忍到最后没剧透看看人这素质,一般,差评
结束后有人试探性的鼓掌声音不大稀稀拉拉的很有些犹豫不决发现没有人跟着鼓试探性的鼓掌很快也就停了就像掸到地上的烟灰弹出时还带着火星落地后挣扎了一下然后就熄灭了,一般,差评
跑马灯似乎重点都在回顾致敬及和电影狂热粉的交互上Thanos 垮掉除了主推的铁人外只有DrStrange一个角色上能看到点纵深前面感觉过于拖沓场面设计不够精彩,一般,好评
在漫威 出道即巅峰的罗素兄弟总算是交出了个还行的终章 反正我感觉还行过程中有很多闪过的os现在都不太记得了 大概就是些细节梗和可能存在的情节bug 这距离看完才两小时可见其无聊程度 不过各种前后自我致敬贩卖情怀 确实给粉丝打鸡血 以及️史塔克死得其所 我很满意最后各组cp尤其是bgcp算各回各家 微微感觉不如打不过团灭吧那好惨呢 但这只是我个人喜好而已罗素是真爱Thanos 盖不住了锤了蓝妹妹真可爱Hail Hydra,一般,好评
3550 小勞勃道尼我終於可以死了望向休傑克曼,一般,好评
妇仇者联盟之美国建国大业,一般,差评
作为最终章故事总算讲清楚了大片的基本要求,一般,好评
美队结局不喜欢惊奇队长强行下线雷神削弱打一个响指就能解决的事还开什么战小蜘蛛抢到的时候给惊奇队长带上手套打一个不就好了吗,一般,好评
钢铁侠有了女儿继任美国队长把盾牌交给黑人兄弟漫威已经铺好新路的样子估计过几年会开启Ms Iron系列届时这届粉丝纷纷晋级奶爸和子女又有了共同回忆灭霸作为不良家长就只能gone with the wind啦,一般,好评
看到睡着 论我是如何无法与同时代交流的,一般,好评
因为漫威的存在我们很难有新的谍影重重虎胆龙威加勒比海盗出现了想想还是件挺伤感的事情,一般,好评
虽然结局有各种不尽如人意的地方但是一个时代确实在这样的轰轰烈烈中终结了,一般,好评
"粉丝向的情怀作品故事不值得一提前戏又臭又长没有信息量核心设定非常简陋随意的时间轴理论一拍脑袋就完成的时光机动作戏也偏少时长基本都用于做情怀不过借用时空穿越这个老套的梗来弥补每个英雄的遗憾并且给了每一个系列合适的结局算是给了这个10年一个交代和前作唯一的关联竟是看过千万次剧透后奇异博士给出的必胜途径不知道下一个漫威宇宙会给出怎么样的设定和故事至少现在绝大多数的作品已经是纯粹工业化商品了",一般,差评
笑点很密集燃点很爆炸全场几次响起掌声让我一个假粉丝都激动不已彩蛋比正片还精彩一定要耐心等到最后嗯电影就不多说了重点表扬一下万达影城可以说是业界良心了180元就可以看全球首映还免费赠送汗蒸洗浴500多人的imax场空调都不开三个多小时看下来汗流浃背真是酣畅淋漓,一般,好评
旁边的美国小哥哭到喘不上气可能我对漫威没有很多感情对人物并没那么熟悉所以没觉得很感动但是片子执行得非常好~,一般,好评
哈wellOK,一般,好评
失望之作之前看打高分的人不少但没见着一个说要二刷的就预感不妙太多过场戏拖沓煽情打斗也不够精彩远不如美队3和复联3惊奇队长吹了半天最后excuse me钢铁侠1换对方团灭也就算了凭什么让我寡姐跳崖这无疑是男权社会对丧偶女性的赤裸裸歧视,一般,好评
唉意难平虽然很好看但不会二刷了笑笑哭哭的太伤身体ಥಥ,一般,好评
一个小时煽情一个小时怀旧+一个小时战斗各种逻辑Bug说好的不能跟过去的自己交流星云这干掉了过去的自己后坚挺的活了下来是什么鬼雷神被灭霸暴揍美国队长却能拿起雷神的锤子跟灭霸比划很久惊奇队长宇宙最强保护个手套都保护不了猩红女巫居然被导弹炸飞了这神经反射弧挺长的啊奇异博士出场居然跟瀑布干起来了全程一句台词都没有要我说直接奇异博士+猩红女巫+惊奇队长三个人就可以联手干掉没带手套的灭霸好不好手套可以让奇异博士传送走为何要抱着跑呢,一般,差评
屏幕越小观感就越中庸在电脑上半屏播放半屏做校对竟也没觉得冗长难看毕竟没有三小时完全奉献无处可去的不平衡如今大片之套路已套进每个元素每处美学一眼套路满眼套路一旦开了套路显微镜任何情怀都不足以激起我的情绪电影变成工业化流水线上的产品其最重要的微妙内核也不复存在也是真没啥可拍的麦高芬橄榄球场五军之战台词说上句全能猜出下句我默默将窗口缩小音量调小再次感到仁至义尽,一般,好评
这片子要远远低于期望值论特效比不上复3论剧情也都是打怀旧牌真是看不到新颖和惊喜在哪里满五星的都是把二十一部的情怀都要加在了一起实现了一场盛大的自我欺骗,一般,好评
时间机器的设置固然是回顾漫威11年的绝好方式但故事的节奏和整体感都为之付出了巨大的代价感觉从复联2开始漫威就逐渐陷入了沉迷于场面和规模而忽视故事本身的陷阱漫威此刻最应该做的就是坐上那个时间机器回到过去去看看他们当初的钢铁侠复联1和美队2是怎么讲故事的,一般,好评
不知道他们在干嘛,一般,差评
没有什么特别的感觉就觉得好贵特效和演员真的好贵,一般,好评
"从电影艺术的角度出发这部影片叙述有些紊乱导演的节奏也有些失衡大概是因为影片体量庞大难以轻易控制剧本角度而言部分英雄的结局令人觉得难以接受原因是因为有些结局看起来带有明显的目的性而并非必要性
从一名十年粉丝的角度出发我为寡姐感动为美队开心为未来在荧幕无法再与美队相见而难过我身处在属于自己的时代为能见证漫威电影的辉煌而感到骄傲",一般,差评
这部的剧本其实才真正给复仇者联盟的名字以意义开篇先讲消失一半人口后的世界很萧条一部主流电影不可能表现人少了以后大家分的资源多了空间宽敞了个个都很开心而人少的世界之所以不好是因为还有私仇未报这是本片几乎所有人的动机基础而灭霸那边见识复联玩穿越再次阻止他以后冒出了重启全宇宙的想法其实这个是对的低阻力的减少人口的秘诀不是战争屠戮而是少生或不生婴儿三个小时的片长其实剧情很简单就是围绕穿越时空挽回失败但流程做的依旧很聪明女儿爱你3000分的亲人絮语绿巨人和班纳史塔克父子的和解以及各种对科幻电影本系列前作的引用跟吐槽整体还是熟悉的那个漫威的豁达通透的幕后人格谁说漫威没有作者性大军集合的场面依旧煽到我了还为女人们特意又来一遍蚁人的身材实在太差,一般,好评
挺失望的巅峰果然是复仇者联盟3,一般,好评
前半部好拖沓三小时完全可以剪成两小时,一般,差评
铁男骗了一把眼泪 但感觉是最差的一部,一般,好评
戏说不是胡说改变不是瞎编同样作为老一辈革命家托尼史塔克同志生的伟大死的光荣娜塔莎罗曼诺夫同志却不给烈士表彰有奋斗就会有牺牲这并无关系然而穿插了这么多碎片性的彩蛋和爆点却堆不出热血和情感高潮随便扔一个bug百出的主线剧情硬性收尾实在对不起人民群众的热切喜爱,一般,好评
没人觉得复仇者联盟系列硬伤很多吗宇宙最强惊奇队长除了做救生员啥都没干,一般,好评
58100三个小时的只是为了掩饰导演的掌控无力罢了史诗感的营造似乎只是落在了时间跨度和所谓的大场景上前面文戏部分的情绪断层与动机缺失问题极其严重人物的感情也处于抽离状态而且为什么其他人都是一脸你是复仇者我就相信你的表情看似山雨欲来风满楼展现出来实则是轻而易举而且为什么一直瞎用正反打本来想夸夸寡姐那段戏看到还是正反打好感立刻消失最后好像就那场打戏可以看看起码一大批英雄出现的时候我真的有了一点点激动的感觉,一般,好评
二刷还是不行,一般,差评
怎么会有灭霸这么纯粹的理想主义利他主义的人呢完成自己的历史任务后直接消灭原石归隐山林还被设计成大反派这纯粹是一场价值观差异的争斗啊,一般,好评
抛去情感因素全面不如第三部无论紧张感危机感冲击力反派的压迫力和气场营造还是救赎情节节奏把控文武搭配第三部都全面碾压不要把期望值调太高而且消灭反派的方式真的太随便了整体水平就是低配版逆转未来主线加指环王3高潮,一般,好评
值得一看但现在豆瓣评分的一个现象就是缺乏实事求是的精神甘愿把大众现象强加入自己的情怀这系列电影总共不过十多年时间观众中大谈自欺欺人的所谓情怀者应该不是少数冷硬评分的豆瓣已经不再存在取而代之的是一呼百应人云亦云的话题国度,一般,好评
实名羡慕漫威的粉儿一个讲了十年的故事感谢所有的演员和幕后工作人员最戳的还是妮妮下船的第一句就是为丢了小虫而自责看完只想大声呼唤华纳欠DC的电影票我什么时候才能还,一般,好评
狼叔的结局让人无限唏嘘的话这个就是为了结束而结束了,一般,差评
年悲伤劲感觉九成的人被抹掉了  穿越理论没圆上 前半部极力否定的理论转眼间就相信了 而且玩得很溜 投喂漫威粉足矣,一般,差评
除去情怀只能说还行3个小时太磨叽了人多太多铺垫太长即便花这么多时间铺垫也只是做到了蜻蜓点水,一般,好评
翻译字幕的是四川人吗龟儿,一般,好评
感觉自己是个灭霸粉并且喜欢锤哥的啤酒肚还是地球好嘛对吧as long as we got WiFi,一般,好评
开场还有点惊喜到后面罗列穿越电影时就很无语没有本质不同却还打着我们不一样的旗号逻辑bug经不起细想对某几个角色的塑造简直太可笑了漫威十年对我来说只是爱过还好跑得早,一般,好评
闷睡着了,一般,差评
实在话作为所谓Endgame还是灰常不满意的各方面完成度都还不及上一部在导演技巧性方面甚至是罗素兄弟四部漫威片垫底几乎所有的情节点都来源于这十年长久的连续剧规划所赐有利有弊说句不好听的撇开情怀简直一无是处,一般,差评
定义时代的银幕形象们的毕业合影和签名情怀是满的故事是瞎b讲的除了钢铁侠和灭霸人物都或扁平化或直接崩但只一句 cheese burger 我就能原谅一切,一般,好评
"I AM IRONMAN
这是初衷亦是结局",一般,好评
作为商业片连讨论的必要都没有但还是不得不说煽情手法基本等于生物书上电击刺激种牛前列腺提取精液,一般,差评
太失望了～～～就是流水账嘛就算为粉丝而拍也不能一点儿艺术追求也没有啊连科幻片该有的特效都不舍得用了打得也不精彩真是的对女性团结成队国王让位女王黑人接班美国队长这种样板戏更是翻白眼穿插的配角梗也都不好笑不过这集可怜兮兮的灭霸着实从开头到结尾勾起了我的母性唉另外钢铁侠跪地戴上手套的一刻真是性感又受又攻演技上还是最喜欢奇异博士优雅内敛仿佛自带慢镜头IMAX 3D,一般,差评
前后太拖沓中间那段简直神作串起了漫威整个电影宇宙,一般,好评
时长不够应该拍个电视剧,一般,差评
无感但表示尊重 故事太庞大而且繁杂 明显收不住 如果偶然性大于必然性 那么要实力干什么,一般,差评
这只是一部普通的电影它承载不了你们太多的情怀收韭菜智商税的娱乐作品非要强加诸多意义或许就是需要大家把脑子扔掉虽然在其中得到和失去从来都不能得到准确的量化但我希望中国电影工业好好学学看看什么叫忽悠和包装,一般,差评
为什么理所应当牺牲的是娜塔沙,一般,差评
剧情全是漏洞时空穿梭时各种讲不通纯粹为了看一个人多热闹黑寡妇和钢铁侠真是为死而死想把编剧拖出来打一顿惊奇队长塑造出来有屁用又丑关键时候又都不在要她何用漫威不行傻的要死,一般,好评
竟然有那么多粉丝对这部还很满意情怀大过天bug多到导演自己都圆不回来了吧我花了一整天思考和看了那么多分析也没懂整个逻辑可能是我太笨了8我不能接受一部完全因为情怀而无视各种基本逻辑的电影你去看看隔壁的逆转未来怎么拍的罗素兄弟你们理性思维一塌糊涂就不要搞这些花里胡哨的OK还有寡妇死了我看你ma的前传呢钢铁侠完全就是强行便当甚至整部剧里的人完全就是为了便当而便当同时我宣布妇联2美队23钢铁侠123雷神2和整部妇联没什么关系吧奥创冬兵内战甚至红女巫我觉得都挺酱油的整部剧除了最后美队solo灭霸其他毫无亮点 烂气死我了,一般,好评
YVR5th于我而言复仇者或者漫威宇宙在做的是开创的事在讨论电影形式在突破单片之后如何网状串联起来而这种形式的改变某种程度上比Netflix这种媒介的改变更重要成功了么难说但至少给了一种可能性一种值得继续探索的可能行但是这种开创的缘由到底是电影艺术是娱乐或者纯粹金钱贸易的驱使更值得说道而这场几十部电影的狂欢到底是电影本身故事本身形象本身还是娱乐至死的羊头狗肉而这部大集合除了集合之外真的没有什么了不是么,一般,好评
"事实上这片子在90的人看来是绝不值9分的这是一部典型的爆米花电影
尽管是11年22部电影的终章但不是每一个人都看过这么多片子更不是每个人都读过漫画都是忠诚漫威粉
羊群效应别人都这么说我当然也得这么说要不然还不得被鄙视被喷死
片子前一个多小时一直沉浸在家长里短的流水账里后边慢慢进入境界真正精彩的还是最后的大乱斗但像是浩克惊奇等人又不知道跑哪儿去了
没有三颗半复联3我打了四颗星这个不如复联3那么就三颗星吧",一般,好评
希望越大失望越大从艺术造诣上来说并不如指环王三黑暗骑士甚至不如哈七最后一战打的太弱鸡,一般,差评
十年荣光喂了狗就换来这么个bug百出全面ooc的糟心结局千言万语汇成一句话罗素兄弟死了不是角色是否存活的问题英雄总要落幕的但这个谢幕真的很烂我为初代不值不会再看mcu任何非初代作品了,一般,好评
剧情非常拖沓难以想象是超级英雄动作片即便如此我还是个容易感动的人听到煽情的音乐稍微有一点相配合的画面就很容易感动反派老大灰飞烟灭的时候心都碎了,一般,好评
我大概在妇联3时被灭霸的响指打没了妇联4就当我没看过吧,一般,好评
本來製作和構思算有誠意儘管解決辦法老土在協調戲份方面仍然是業界典範連文戲對白也去掉了做作的氣息曾經寫最差的美隊和雷神性格居然都變可愛了可是中間有好幾個刻意玩弄觀眾情緒的場景真的太過火了非得拿把刀把心窩子掏給你看就做作了,一般,差评
黑寡妇难度就不能有一个葬礼,一般,好评
没觉得有粉丝吹的那么好剧情混乱结局烂尾,一般,好评
灭嗣爸霸带领漫威全明星恭祝大家新年行大运而且竟然学黑客帝国搞起了哲学时间形而上学+生存伦理但是中间两三次睡着旁边还坐着个弱智读卡机啊这是美国队长啊这是蜘蛛侠啊这是谁他是英雄吗,一般,差评
把以前发过的文章攒成一篇修正了几个错误大量篇幅用于致谢毕业了,一般,差评
不是剧透因为网上已经都有了总体来说还行黑人女武神继承雷神的王位黑人胜利队长继承了美国队长的位置钢铁侠抛下了孤儿寡母拯救世界也算死得其所时空穿梭玩的比较低劣什么不能与自己会面什么这都些驳论都被狠狠摧毁了可见电影结局的世界已经不是原来的世界了只不过是另一个平行世界了原来的世界被这些超人彻底玩残了美国队长在另一个世界又找回了真爱,一般,差评
4对3的解决办法可说是完全被网友猜中了看过去年推测帖今年的主线就一点也不觉得意外至于谁当祭品怎么个祭法其实已不重要但凡合乎逻辑的都可以接受但人设的崩塌和无视是对戏中人戏外人双双的践踏此外一个很明显的问题全片弥漫着一股浓烈的刻意炒情怀因为这是初代十年收官之作是20来部电影的大结局所以许多地方拍得像混剪致敬MV有明显的跳脱感让人怀疑它还是这个故事线的一部分还在试图善始善终讲完这个故事我觉得这是观感最坏的部分讲故事的人已经站到了重实效求讨好自卖自夸的立场上而不是无我地叙述这样还谈什么沉浸感和说服力至于我大神兄弟的槽和冤就不再吐了千言万语汇成一句言简意赅的操你妈纯超英角度最爱的初代依然是美队尤其在惊队的绝对力量衬托下队长是灵动的,一般,差评
C位组唐尼真的棒美队地表最强呵肉身抗灭霸一拳不死锤吃错药了串场组又见到古一法师真好基基又调皮了小蜘蛛回来了本尼总是那么出色星爵或成最大输家,一般,好评
非粉丝眼里的一锅乱炖啥都想加进去的太空歌剧算了 本来就是抱着开钟点房的态度来躲开杭州的交通来着,一般,好评
意义大于形式之作上部开年会下部欢送会一如既往不改漫威电影诟病连穿越梗都来铺垫最后打斗戏真是煞费苦心人设崩塌强行塞笑料很失败反正完结十年给钢铁侠美队一个结局才是正事粉丝电影就属你棒,一般,好评
舍命陪朋友看的相比起每个人走秀一样走一圈的第三部这一部确实好看一些可是还是好无聊哦一个三小时的漫长的粉丝向电影熬到结局的时候心里毫无波动爱谁死谁死吧我只想回家睡觉不出意外的话这是我看的最后一部非x战警的漫威电影了,一般,好评
美队人设都崩了美队在队2就告别佩姬了队3还亲了13回到过去不能改变历史佩姬原历史是结婚生子了的雷神不能救母为什么他能和佩吉结婚改变了佩姬的人生而且他如果只是想过普通人的生活根本不会选择注射血清而佩姬也看不上没有打过血清的小个子队3里的13像个笑话雷神在雷3说过他面对问题选择面对不是逃避那为什么a4里成了逃避现实的肥宅钢铁侠确实是个值得尊敬的他们都会为了地球牺牲自己三分给特效和部分剧情不会二刷,一般,好评
He started it all and he ended it all,一般,好评
人物ooc 逻辑混乱时空穿越设定一团糟强行搞死妮妮分数都是给演员的跟辣鸡罗素兄弟没有关系漫威女孩快被气死了,一般,好评
"基本上是这么个流程团队面临新的挑战核心人物集结队员团队战胜邪恶势力队员再次散落各地
抛去终局之战这个特殊含义我看不出它和任意一部速度与激情有什么区别",一般,差评
锤哥整个一个大写的ooc人设跑偏到不忍直视导演你拿这么一个失去父母亲人乃至整个星球的人取笑真的大丈夫而且部分人物强行狗带不能理解,一般,差评
没有看过这些系列的人看 人物出场无感 拿锤子  cp啥的设定会莫名其妙除此外 笑点俗套 情节还是舍己为人 升级打怪 时间旅行 和少一半人多一半人bug超大 不可否认 这么多人物 这样完成度很高了 而且戳到了粉丝的点 现场反响超好 适合一系列全部看下来单独却称不上好,一般,差评
漫长告别,一般,好评
bug太多初代落幕,一般,好评
特效炸天然而毫无设计感的剧情 一星给难得不是贬义的情怀两星当然心里是满的给我寡总是越有期待的电影越不自觉严格要求了== 总分710,一般,差评
集锦式的回忆杀三巨头大战灭霸的那段很给力最后的团战的确让人热血但这是通过十几年的流水账累积才达到的高潮相比斯皮尔伯格用140分钟的头号玩家就足以达到这样的效果迪士尼漫威的效率可谓低下因此我依然不会认可漫威宇宙的作品是经典电影这一说还是那句话在我看来漫威对电影界最大的贡献就只是把小罗伯特唐尼这个优秀的演员带回了好莱坞一线仅此而已,一般,好评
整部电影里唯一智商在线的人最后被大家干死了我不开心,一般,差评
不是粉也没有感情分几十部下来作为电影还是做得相当有尊严的没有在场面上迂回只求视觉体验英雄迟暮的大团圆还是激动人心但前两个小时真的bug美队老了的时候雷神胖了的时候黑寡妇钢铁侠死了的时候还是令人恻隐这么多人物最喜欢猩红女巫姐妹一心只有恋爱其他都是个p相比起来惊奇队长便是个无感情无个性的机器人罢了,一般,好评
营销模范电影其实电影本身也就那样看完之后根本都不值得讨论但是能抢先看在朋友圈中就觉得是时尚反正我很庆幸我没选择凌晨熬夜场也没选择IMAX好莱坞商业品牌电影犯不着拿多高的高分吧票房赚够了就行了,一般,好评
漫威知道如何去赚观众的眼泪,一般,差评
毕业快乐漫威女孩,一般,好评
只能是及格拖拖拉拉絮絮叨叨节奏不够快也不紧凑只能说有始有终写了一个比较好的结局,一般,好评
不值得三个小时中为了众人的closure落泪但是我寡死的毫无意义为了死而死there gotta be a better way,一般,差评
差点睡着,一般,差评
作为第一阶段结尾这是一个烂尾作为第二阶段开头我不知道以后的漫威电影怎么拍我第一次看漫威电影没看懂时间穿越只存在两种理论一种是平行宇宙一种是修改现实如果复联是能提出第三种自然更好但是全片都倾向于平行宇宙的情况下在结尾处美国队长没有坐时间机器回来确实在另一边椅子上变老了这种更换演员的方式实在太过牵强钢铁侠死了黑寡妇死了美队老了绿巨人废了索尔加入银护现在还剩下惊队蜘蛛侠鹰眼猎鹰冬兵蚁人银护这样的阵容并且复活的人消失了五年活着的人老了五年下一阶段怎么拍但还是感谢漫威给我的这十年,一般,好评
感觉像看了三个小时的彩蛋,一般,差评
就正常超英电影的水平,一般,差评
对钢铁侠还是略不舍的我最爱的锤哥虽然一直挺搞笑但他好歹也是一代天神大王最后怎么成这样了,一般,好评
710旁边的女生是又哭又叫不是抱怨没有影响我的观影过程只是我不懂她怎么能这么入戏除了场面常规操作外其他没太多感觉其中逻辑错误悖论时空穿越问题可能还不如那些嘲讽的电影好,一般,差评
没睡着的漫威虽然值得一个三星但是好不容易看到复联三的灭霸本来还算有点血肉和深度的反派到了四又变成一个脸谱假人boss一盘大棋全是为了春晚全员亮相的刻奇感动不起来啊,一般,差评
看完更期待6月的XMan了哈哈还是唐尼演技最好依旧爱我mark叔其他都不行尤其是最后戴手套以及后面的大战看出了指环王的感觉我爱废柴联盟那些时光穿梭的电影名字出现在台词里又有几个中国观众能感受到呢,一般,好评
这情怀卖的搞这么多人不好拍吧上一部最后呼叫惊奇队长结果就抬了两次飞船吗上一部绿巨人卡身体里了结果镜头一黑一灭就二合一了吗上一部拯救大部队的霹雳雷神这部可能喝酒喝坏了身体我就不问冰冻的美队到底去哪儿了,一般,差评
什么样的牺牲才能打动人哪吒自刎铁巨人阻止核弹这样为了群众在情况危急毫无办法的时候牺牲自己拯救世界才能打动人机会主义的牺牲不但不动人故事上也难自圆其说,一般,好评
粉丝向的内容太多了导致节奏冗长看了三小时部分沉浸感不足的部分让人很不舒服201952在佛山电影院看的中途有人走掉女英雄集合那一幕很喜欢以及寡妇和美队的选择都值得致敬,一般,差评
"我一漫威脑残粉也只敢三星半
理性讨论比妇联三低一档各位因为情怀打5分我打3分均衡一下",一般,差评
翘班去看没办法不想被剧透+无心工作大概是上了年纪3个小时看得脑壳疼文戏篇幅太多高潮大战太短不再有妇联第一部上映的时候那种新鲜感漫威把电影当连续剧拍的操作越来越提高观影门槛了即便我看过所有MCU电影不复习实在想不起来曾经发生过啥第四部拍的好省经费把回去的素材拿出来剪一下anyway心疼黑寡妇+心疼中年发福雷神,一般,好评
漫威为了弄个宇宙真是强拉强圆啊居然还能成立也是可以头疼的是为了理解新一部就得把早忘光了的前几部都圈一遍不过按这个思路再拍下去有点危险受众太飘忽了专供粉圈,一般,差评
这是个一早就写好结局的故事余下的只是如何推演出结局罢了而且还和xmen用了一样的方法奇异博士看到的那唯一的路还是有点预料之中了惊奇队长整部戏里都太跳跃了一个我都不知道该用什么标签的存在,一般,差评
在巴塞罗那的arena看的一整天只有这一场英文其他都是西语配音还都是2d但也完全不妨碍旁边的女孩们大声啜泣,一般,差评
反正最后黑人队长和女权队长就完了,一般,差评
回馈粉丝吧但处理很失焦感情戏都很cheap的感觉,一般,差评
"比想象中好些除了特效真的没什么亮点特别是集结那段若非这些特效撑着真的土爆了
科学依据什么的就不抬杠了雷神的锤子不是只有天选之子雷神才能拿起来吗美队怎么囧
虽说我也不想细究这些东西但求跪习惯的国人也给国产同等的宽容",一般,差评
看过4集还是欣赏不来玄幻不玄幻科幻不科幻整一个神人还行所有神人ID大杂烩我就是觉得没边了,一般,好评
复联真的好喜欢搞全员一起出个场卖个情怀啊,一般,好评
一般吧,一般,好评
编剧打个响指先删去半小时吧,一般,差评
漫威版北京欢迎你,一般,好评
大战很魔戒 节奏也不错 fitting farewell,一般,差评
每个人都有了一个合理而圆满的结局除了屏幕外的我,一般,好评
真的很讨厌这种传销式营销票价吵这么高穷到早起买便宜的竟然还要63,一般,好评
锤哥膨胀这事我拒绝,一般,差评
还是第三部好看点,一般,差评
3星给片尾初代6人签名cheeseburger和peter quill的脏水舞ooc已经无法控制的全面坍塌罗素他们没有细节只有缓慢的节奏感恩还有古恩的银护最初的那些人真的都不见了这种资源浪费型大制作真的太恶心了他们能不能看看复联1的群戏是怎么拍的啊不过可能这种大杂烩是不可能完成的任务吗我觉得其实不是哎速食啊不管如何十年铺垫不过是速食而已但是一旦想到11年前的钢1是一切的开始真的是messupmymind的归属感啊,一般,差评
看它有人为了联盟有人为了徽章,一般,好评
我可去你的91分能客观一点吗前面一个多小时文戏强行煽情说实话一点都不感动可惜了我寡姐bug多如牛毛回到未来的梗连软科幻都算不上了愚弄我智商吗后半部分都快崩溃了要不然最后交代英雄的传承与落幕这点很不错外我只能给五分,一般,差评
一部为了交待而交待的电影看完并没有很深的感触毕竟二十多部漫威电影真正有兴趣的并不多灭霸真的是一个有意思的反派片头采菊东篱下悠然见南山的自得结局壮志未酬身先死长使英雄泪满襟的遗憾又一个十年过去了,一般,好评
在马丁大爷开炮之前终于看完了当年看漫画的老爷爷们看到电影会有何感想呢,一般,差评
不瞒你说看到伟大的环境保护者无私的宇宙主义战士灭霸功亏一篑身死形灭之时我的感觉就像第一次看上方谷司马受困五丈原诸葛禳星一样悲怆,一般,好评
三个小时太漫长了没有想像中那么好,一般,好评
漫威春晚名是穿越救世实是十年回顾初代巨头各得其所坐等妇联新一代上阵,一般,好评
回忆杀漫威一直没给什么正经的亚裔角色白洗后这次又日本亚裔刻板印象,一般,差评
路人觉得普普通通情怀卖太多就没用了为寡姐猛虎落泪,一般,好评
霸霸说这个结局我不满意你们赖皮再战一百局,一般,好评
可能我不是粉吧感觉一般最后美队给盾那个政治正确有点醉,一般,好评
好莱坞大派对反正135分钟那场大乱斗我的电脑是跑不动的谁能想到2025年还有第5部呢只是一群人的时代已经落幕了~,一般,好评
到底为什么这样的片子还值得要追着人家骂剧透司马的就是一部三小时爆米花片,一般,差评
现在去看都已经包场了仿佛大型私人影院所以我一直在大声吐槽可能吐槽得太过了= w =,一般,差评
非漫威迷观众越来越精的时代什么都见怪不怪天马行空的片子越来越难拍编剧团队把脑袋也想坏干脆就打真诚牌玩穿越我就嘲笑自己玩穿越时间机器的老概念你们笑出来之前我先替你们笑自己然后是提高反派实力加大正派难度各个时代的同一个人纠结缠打立场变化最后打群架时睡着了睡眠不足实在没撑住可惜醒来时大团圆ps 用了三年的knirps伞丢了唉,一般,差评
前半段铺感情戏铺的太长了中途以为自己在看美剧且铺垫情感的意图太明显看到一半就知道谁最后得挂为了情怀拯救世界的想法也太老套了来来回回看的头晕最后的大场面还算及格终局之战变成了终极回顾挺一般的单纯从影片质量来看比复联3差太多了6分最多,一般,差评
始于钢铁侠终于钢铁侠复联4完美谢幕,一般,好评
即使以爆米花电影的标准来看也不合格的一作因为出场人物众多即使时长达到丧心病狂的三小时每个人平均下来也没多少更何况戏份也不是均分的漫威和AKB的困境一样初代神七退役后后继无人全部烂泥扶不上墙唯一值得一提的优点是这次终于没有漫威发扬光大的电影毒瘤片尾彩蛋了片尾彩蛋简直是电影界的dlc原本每部电影都应该是一个完整的故事但为了卖下部电影故意不把故事讲完这种屎拉一半就夹断的行径和游戏业的法老空如出一辙你屁股上有节屎没擦干净就不觉得难受吗另一个毒瘤电影宇宙也贻害无穷有漫威粉说漫威宇宙盘活了电影业进来的钱多了小众电影总归能分到口汤我呸事实是热钱全部乌泱乌泱涌进各种电影宇宙恨不得贞子伽椰子都凑个宇宙出来赚不到钱的小众片更没钱了,一般,差评
不如第三部前面一个小时太冗长无聊了坐我后排的大叔发出了震天响的呼噜最后和灭霸打的那段还算精彩整体流水账感严重,一般,差评
一心给宇宙大甜心Loki一星给我的亲亲宝贝Bucky另外一星给所有英雄们罗素兄弟是垃圾你俩是跟Asgard有仇是嘛一个天神英雄被活活写成小丑把我锤的角色用途弱化到可怜的地步什么玩意儿,一般,好评
前一个小时文戏真是又臭又长,一般,差评
我能说什么呢我喜欢的是灭霸啊灭霸是我认识的漫威人物里最可爱的了被打死了两次我有什么可高兴的呢,一般,差评
抛开一切与漫威十年以及角色相关的情感因素单纯看电影本身冗长拖沓混乱乏味,一般,差评
如果不是漫威迷这片子就不过尔尔典型的爆米花电影,一般,差评
low 粉丝电影,一般,差评
挺失望的剧情没啥可说主要是boss战像在报流水账一点不燃,一般,好评
别的不说关于雷神OOC的问题我骂不动了,一般,差评
讲道理这电影情怀满分电影本身值9分豆瓣还能靠谱点,一般,好评
不再被復仇而自己最後復仇的復仇者,一般,好评
就是打打打灭霸是一个有信念的恶魔令人肃然起敬,一般,差评
低于预期并不在于初代结局的设定而是剧情节奏上前期时间上太拖沓转折却有些突兀复现过去的场景空有形式整个片就是在赤裸裸套你的情怀想实现的超出了这部电影的承接范畴了论自我形象管理的重要性雷神变胖后感觉他跟他人对话气势都变矬了,一般,差评
一场粉丝的狂欢把十年漫威串起来把不续租的角色凉透但tony死的那一刻我已经自动否定美队选择不回来他看见卡特的凄美也随之消失假了也不合逻辑不合逻辑一切就崩了,一般,好评
罗素是个美队毒唯吧,一般,好评
景甜才是最大赢家,一般,好评
bug太多了无限宝石感觉和后期的七龙珠一样烂了打斗不如三精彩惊奇队长彻底酱油大集结的时候好评总体三分,一般,差评
特效不错但是剧情逻辑很多都说不通人设也有崩塌的嫌疑,一般,差评
政治正确严重哈哈哈白富帅雷神让位少数族裔女子白富帅美国队长让位少数族裔男子白富帅钢铁侠更是,一般,好评
这还不叫有尿点从头到尾都是尿点,一般,差评
感觉像花了180分钟却只是给妇联3的人物安排个谢幕,一般,差评
一直没标知道他们尽力了也挺好看有点如鲠在喉雷神为什么要成为插科打诨笑料担当呢以前一笑天就亮了意气风发的北欧神祇还特地去看过部分漫画和动画现在想来太难过了所幸美队还是白月光只是作为复联领导者刻画还是太少成了一个有点功能性的角色,一般,好评
不好看可能期望太高了,一般,差评
3＞4＞1＞2尘归尘土归土从哪里开始从哪里结束,一般,好评
钢铁侠死的时候至少有三个男性观众哭出了声其中一个声音有点儿大严重影响了其他人观影PS之前只知道惊奇队长的手炮很厉害没想到她最厉害的是把自己变成一颗子弹咚咚咚就把飞船穿个稀巴烂就像三体里的水滴一样,一般,差评
有那么好看,一般,差评
故事基本就是一龙珠吧在动作场面的设计上罗素兄弟是走下坡路的没想到傻大粗的雷神成了本片最大亮点万万没想到漫画类型片居然能成为新世纪的流行文化现象级作品,一般,差评
完全能理解漫威迷为啥骂娘2333,一般,差评
我泪洒电影院他妈的凭什么,一般,差评
不管狗血还是剧情无脑这次是真的燃而且雷神最后那段肯定在致敬Dude在海边撒骨灰的那一段,一般,差评
粉丝向电影但看电影的人那莫名的优越感真让人不舒服因为去年看了复联三所以决定看一下四因为没有情怀所以单纯站在普通观众的角度就很平淡,一般,差评
二刷看过不算完美的谢幕漫威复仇者宇宙终于从钢铁侠开始也从他结束了爱你三千遍的妮妮,一般,好评
抛开情怀这片子不值得92分剧情太过于冗长出了烘托情感就是烘托情感观众哪来那么多情感让你消费三个小时剧情爆点掌控将个烂就演员倒是演的真好后面剧情反转是惊喜点但是说实话导演真没能力掌控这种片子能力不足相比之下DC那边御用的诺兰温子仁施耐德都是不错的个人主义导演漫威这边可以借鉴一下,一般,好评
不是真爱粉就看个场面剧情实在是还是金刚狼最终篇好看,一般,好评
"全系列最喜欢复联3有诸神黄昏式的国破山河在反派的行为动机建立在哲学基础上古典主义的消逝渲染了悲壮感还有决战前夜的隐隐期待
玩时空穿梭不如X战警逆转未来来得流畅打群架的调度还不如复联3拍终章也不如金刚狼3
但奇异博士带领众人现身的高光时刻还是看得心中一凛
缝里找基是洛基唯粉的最大意难平",一般,好评
粉丝向的电影一小时凑人一小时凑宝石半小时打架半小时奔丧我还算都看全了算是有所了解要是没看过前几作或者不了解梗的人我无法想象该有多无聊,一般,差评
全程这谁这又谁哦干嘛了哈哦嗯好fine assyasok完了,一般,好评
确实有燃到哭的点但还是有很多地方让我一头雾水比如如果鹰眼的今生挚爱是寡姐那他为啥要跟别人结婚生小孩灭霸一根粒子管就能偷渡一宇宙飞船的人那之前复仇者联盟为啥不打包运输还能省几根管子不是吗钢铁侠最后那一响指怎么确保消失的都是灭霸的人卡魔拉是又死了一次奎尔没疯不过也可能因为我没追过全部漫威电影吧反正非漫威迷觉得bug蛮多ps坐我后面的大哥居然睡到打鼾这剧还是有蛮多看不懂单纯凑热闹的人的,一般,好评
6010但以MCU而论个人影史百佳毋需备选作为一部独立的电影终局之战是残缺的即使和无限战争合观也只是勉强可看的程度简短序幕之后随即求得了通往终局之路最终迎来了必然的终极大场面这种毫无起伏的节奏是最坏的叙事方法但超越无限战争的界限以所谓11年22部无限传奇的旅程来看这部反而触及了最为合理和辉煌的顶点这份合理性的建立是超越电影制作本身的是艺术创作商业化的极致已然实现的票房奇迹远非电影作者可以独立完成的这是他们与当代商业巨头当代观众当代社会共谋的结果可以说我们所有人不仅是这个奇迹的见证者也同样是缔造者MCU的成功也许会促使观察者们进一步思考电影在艺术与商业上的双重属性以及构建电影的更多方式这些都是比票房数字和热点事件更有意义的方面,一般,好评
因为实在搞不过戴手套的灭霸干脆来个历代记式的回忆之旅卖卖情怀顺便打死一个不戴手套的灭霸让观众过瘾吐槽一堆时间旅行的电影宣称我们不一样以后终于还是落入改变过去影响未来的窠臼吐槽需谨慎诚如斯言情怀分可得四星可惜我没有情怀,一般,差评
平成时代英雄的落幕,一般,好评
三星半吧剧情和逆转未来如出一辙强行设定催泪并不讨喜还有些设定上的bug但是不影响看的很爽很热血,一般,差评
最终章可圈可点吧复联豪华全家桶作为粉丝电影也算合格了,一般,差评
系列电影的大结局不好拍这部可以说是做到接近最好了,一般,好评
不是不喜欢粉丝向电影但也不能因为是粉丝向就不顾各种BUG吧,一般,好评
75高分低分完全由视角决定两者都值得但是可以肯定罗素兄弟真的是非常非常的无聊了作为DC粉还是非常酸的一方面是羡慕漫威这11年的成就二是不知道何时才能在大荧幕上看到自己喜欢的角色最后集结的部分确实一身鸡皮疙瘩但是后面近接的一个龙鸣长镜头又毁了第一部看的MCU电影是美队1最爱的也是美队我队这么美好的结局给罗素拍成这样我真的是气啊,一般,差评
系列至此已经基本与电影无关了电影只是作为角色与观众互动的媒介以便给初代复联英雄一个体面的结局分不清是导演在创作还是观众在创作远不如第三部,一般,差评
没有粉丝滤镜只是觉得三个小时坐的有点难受没有想象中预期的好情怀大于电影本身不过想要一个队长那样的翘臀嫩男做男朋友,一般,好评
爆米花片而已,一般,好评
其实觉得开头不久雷神砍掉灭霸的头给大家报完仇就可以了剩下的硬凑的作为彩蛋看就还行美队吐槽自己的翘臀那段看不够～接下来就期待着寡姐的个人主题片了～,一般,好评
我不是粉丝都看出来好多bug了而且对非粉丝群体来说真的不算一部合格的电影,一般,好评
作为21部电影铺垫的终章实在不能接受其质量两个主要角色的死都没有配得上应该有的煽情铺垫终局之战缺少把人心提到嗓子眼的牺牲与失败甚至终局之战都缺少让我AB循环的意愿期待太高很难过,一般,好评
桃總的翹臀出道的女團費儒的感動rdj結尾居然給簽了全名他給粉絲可都是簽縮寫的啊,一般,差评
电影时间长得令人难以忍受 除了莫名其妙的死亡就是乏味地堆砌笑料 硬塞进来的煽情片段怎么就那么廉价呢 钢铁侠鹰眼队长蚁人等等的家庭生活原本可以成为很好的亮点 偏偏剧组把预算都给了强加出来的宇宙大战 而且还完全忽略了时空旅行的规则 未来的你杀死了现在的你 所以 为什么未来的你活得好好的钢铁侠死不瞑目真的不是没道理 编剧太坑了,一般,好评
前三刻钟拖沓无聊到度秒如年展示了真正的时间穿梭后面去找宝石了各种见老妈见老爸见老情人桥段其实还不错但是鹰眼大妈拖戏时间还是太多了呕惊奇大妈既然这么屌拿到手套为什么要黄油手强行发便当简直按头叫你们哭泼秃死透惹也没有戏份但是有西西版的jarvis哇感动一秒,一般,好评
是非成败转头空青山依旧在几度夕阳红一个响指喜相逢古今多少事都付原石中,一般,差评
春晚的节奏依然会看但依然无感,一般,差评
三星不能更多了前面找石头看得我都快睡着了就后面群像大战的时候好看些整体不如上一部看之前还犹豫要不要补惊奇队长怕内容衔接不上结果还好没补惊奇就出来打个酱油是因为太强了怕直接秒杀霸霸军团所以才安排最后出场吗,一般,好评
三星半,一般,差评
作为冬兵的人迷想到这可能是最后一次能在大银幕上看到Bucky了为了最后五分钟去看的情怀大于所有演员脸上的时光痕迹令人感慨其实场面和故事都做得不好娜塔莎和铁人牺牲的时候哭了为Nat不能参与最后的决战遗憾也不理解为何她和Vision都是复联一员却连一个葬礼甚至一个花圈都没有只能被爱的人默念几句最后想说不要为这种为了票房和周边收入什么都干得出来的公司真情实感不值得,一般,好评
怎么会这么啰嗦,一般,好评
还可以,一般,好评
罗素兄弟显然是在这种集卡式的剧情里丧失了对每一场戏的控制力本应该用镜头语言营造出情绪和氛围现在却变成了明星的一个又一个特写场与场之间毫无过渡应该是保密策略+明星制让传统的拍摄都失控了加上多种结局的拍摄连导演都不知道最后呈现的样子美队2美队3复联3都是大制作罗素兄弟做得很好感情戏在水准之上而这一部全都不见了唯一的解释是他们丧失了对影片的控制力导演层面与项目层面影片在成为新世代文化事件的同时却也失掉了原本应该拼凑的最后一块电影拼图意料之外情理之中这就是硬币的一体两面吧,一般,好评
其实复仇者联盟3就已经是结局了这个4是狗尾续貂卖弄情怀然后承上启下罢了完全是胡闹一样故事并不好看更加不能自圆其说不过漫威倒是有一个本身会在后面的影视剧中把这个故事给说圆了比如现在热播的旺达幻视后面还会继续说圆再不好看也比华纳的DC好看多了,一般,好评
这么看来前半段的反高潮反套路都是假的最终也仅是完成了一个回顾而已不过铁人和美队都圆满了,一般,差评
谁是亲儿子一目了然有些情侣角色都认不全就不要来电影院讲废话了好吗,一般,差评
期待过头了,一般,差评
我人生中看的第一部 IMAX 竟然就是22部漫威电影的传奇终章如果剔除感情因素也就是个三星之作但是每一代人都有陪伴自己长大的英雄哪怕只是列队出来告别就能让人热泪盈眶更何况这部多少还有一些曲折情节我很喜欢好友菲哥的短评他说他们学会了与过去和解我们却没有学会向他们告别,一般,好评
拍的挺一般的其实就是部粉丝狂欢电影和头号玩家水平差不多,一般,好评
编剧强项是戳泪点逻辑实在不忍深思,一般,差评
漫威11年终于终局之战时空穿越的老梗漫长的3小时只有半小时打斗有情怀地交代了主要人物的结局是的我最喜欢的两个挂了,一般,好评
"糟糕的终局各种逻辑上的漏洞实在是让人无法忽略
很难想象新复仇者联盟如何撑起十年",一般,差评
咋滴雷神＋美队＋钢铁侠打不过一个没带手套的灭霸,一般,差评
非常普通,一般,差评
好吧我的确不是妇联粉也没必要勉强所以直到最终章才第一次走进电影院主要还是为了在杭州打发一晚上时间不过仍然能看出本片的情节设定和春晚氛围更多是情怀而非电影本身了,一般,差评
爆米花电影就不要刻意用文戏来刻意拉长时间啊前半段真是坐如针毡文戏尴尬的要命,一般,差评
好好好看过了看过了,一般,好评
"霍华德那句我一直把个人利益置于集体利益至上对应钢铁侠的结局有点让人难受纽约那次是他扛着核弹飞向太空这次是他带上手套牺牲自己第一部钢铁侠结尾他说我就是钢铁侠这次结尾他说我可是钢铁侠有始有终他一直是很好的他I love him three thousand times此外替寡姐抱不平她心里复联第一其他复联的人复联都排在内心第二第三可能女性都倾向于默默付出但不说吧对比另外一位女神可以说角色本身都挺滑稽和智障的电影里她的傲慢和俾睨众生的自大不会让影迷厌恶就奇怪了我甚至觉得导演和她有仇",一般,好评
一般般一堆人说什么情怀情怀真有那么深情吗就是普通的电影而已非要盲目跟风,一般,差评
比还行要好看那么一丢丢,一般,好评
boring,一般,好评
就真的很一般啊笑点泪点都有但是不戳我,一般,差评
论漫威是如何做到一边让人emotion一边让人想吐的 anyway 期待雷神4了,一般,好评
"1地球人欢迎灭霸莅临地球观看复仇者联盟大阅兵灭霸地球人必死

2剧情宛如一出年会就俩环节投屏放映两小时回顾漫威宇宙全系列电影再邀请所有主创合影留念嘉宾颁发荣誉退休勋章邪恶的紫女巫灭霸不请自来你们为什么年会不请我我要诅咒你们在座最漂亮的公主五年后手指戳到纺锤尖陷入沉睡

3其实我不怕角色死亡反正漫威有一百种方式让他们复活但我怕演员老去借角色之死告别电影那就真的角色死亡了

4电影最令我感到失落的是每个超级英雄的人物弧光最终变成了一种疲软的退休宣言每分每秒都写着这不是你的个人电影你得给其他人留几个镜头先前个人电影逐步丰满起来的人物维度在这部阅兵式电影里只被允许展现单一侧面我知道我永远错过了那个答案

再见最好的超级英雄们",一般,好评
喜欢钢铁侠三星给妮妮～,一般,差评
一边是在过去的MCU里各种串场让人想起他种种的好一边是无法挽救的剧情和拖沓的叙事大概只有一言难尽可以形容,一般,好评
封神榜我竟然看过这么多漫威以至于看懂很多梗然而最惊喜的梗还是勒保斯基先生,一般,差评
真的就还行去看完全是为了自己这段十年旅程能有一个交代另外罗素兄弟少给自己包揽过多荣耀终战能有这个票房靠的是漫威迪士尼十年间各个导演演员和每一位职员的付出与建立,一般,好评
wat里面的爱情观无法苟同且非常挑衅鹰眼那么多挚爱怎么亲得上去他老婆啊还有个美队拉人钢铁侠入伙垫背然后自己去找回梦中情人你配得到幸福吗,一般,好评
导演编剧水平拉低了成片质量使得电影沦为了一部强行结尾让角色落幕的平庸之作甚至消磨了上一部在不经意间透露出的些许宿命感继续回到了传统超英的套路甚至不及套路的合格水平最后成为了一场大型的漫威英雄阅兵秀,一般,好评
bug太多即使有漫画支撑也难逃烂尾一部各家粉丝并不买帐的粉丝电影多年看下来只能说这是个念想但你非要说这部是情怀我就很难做你朋友了哦,一般,好评
等一场别离盛大的别离,一般,好评
还不错挺不容易的这么正能量所有人都回归家庭的结局但是远远没有到熬夜看首映的地步    我去凑了这个大热闹现在眼睛睁不开喝了咖啡手发抖不值得啊,一般,好评
"所有的硬伤都没有什么合理的解释剧情其实挺二的也就是情怀撑着而已我买了票坐在影院入口等着这时听见柜台里两人开始讨论剧情我赶紧制止了他俩可别在这把我给剧透了
对了最大的亮点就是美队很合理的说出来漫画中那句非常不合理的台词九头蛇万岁",一般,差评
说电影好都是情怀感情分占多结束也会有点舍不得灭霸的世界观是值得回味的我们都是宇宙的囚徒,一般,差评
爱你遍的时候我想到的却是追风筝的人前段时间看的现在还是觉得前半部分太冗长了,一般,好评
为了集齐豆瓣2019年度电影纪念徽章才看的如果你不喜欢这部电影说明他不是为你准备的故事的终章是为读过故事的人准备的热评第一的这句话仿佛就是为我而写的看热闹多过看情怀所以我对这部电影也没有苛求一个关于电影题外话的小事倒是让我很感动关于钢铁侠的名字 Tony看过复联1和复联2也看过钢铁侠但一直本能性的遗忘钢铁侠名叫 Tony Stark 这件事这让我想起有一个叫 Tony 的同事非常喜欢钢铁侠今天看这部电影的时候才发现 原来钢铁侠的名字就是 Tony他用了自己最喜欢的英雄人物做自己的英文名这个普普通通的名字里蕴涵着他的英雄梦我想这就是大男孩们的情怀吧I love you three thousand times,一般,差评
我都不是粉丝我都讨厌营销除了铁人蜘蛛侠美队个人的几部之外我都没看过复联前几部我本来都不打算来看的为什么我这么伤我伤到看完丧了一天现在还想起来都想叹气大概我是希望自己心中的英雄永存不要落幕为什么英雄也要面对普通人的命运呢那我为啥要看英雄我宁愿不看这个电影那么在我心里英雄依然永远是英雄排除我痛苦的感情来说拍的挺好的没以为的那么差是合格的爆米花电影,一般,差评
啧啧啧没有上一部好看,一般,差评
强扭的瓜不甜,一般,好评
看枪版其实也足够了蓝光我不会再看了一点也不好看拍成三个小时还是觉得太赶工根本撑不起如此众多的人物和多线叙事这一点处理得比复联3还差包括时空穿梭最后的大战和收场都特别草率应付就凭这粗糙度这片子就比复联3差多了更别提续集又凭着这美式主旋律把复联3的哲学意义毁得烟消云散,一般,好评
bug太多敷衍消费情怀,一般,差评
不是迷听到前后左右有人哭了还好吧反正我没有情怀可看,一般,好评
感觉很不理解为什么很多厉害的发挥不了作用让一些不厉害的当主角睡了两三次蚁人全场被吐槽很可怜,一般,差评
,一般,好评
一代爆米花的终结对妇联没有感情希望漫威在X男人系列上再多多挖掘DC加油,一般,好评
没有哭唧唧没有五星只有骂骂咧咧漫威垃圾滚本以为换了编剧才搞的每个主线人物都面目全非可是编剧就是美队一二的编剧你见风使舵或者水性杨花想捧铁人没有问题可是没有必要抹黑这么多年经营起来的别的人物形象啊回去看美队一里唱着城里有座小酒馆的故事线就是作势在妇联四最后十分钟给观众喂屎了真是贱我确信我的队长死了我不认识那个俗透的自私鬼看到thor我的心都碎了只有loki还是最纯粹最皮的loki最后吐槽一下超级英雄的心理素质都这么差真看不出哪里超级了以及最后十分钟=迪斯尼口味的shit还没看的千万别看吃进去的就吐不出来了,一般,差评
完全没有哭 始终是各有各得,一般,好评
七年前的我回到未来看到这部电影也会选择留在过去不回来,一般,好评
总结一下大坏蛋用六颗宝石消灭一半的人然后将宝石销毁然后现在的人回到过去把六颗宝石拿到现在复活被消灭的人再把宝石放回过去看上去是没有改变历史但大坏蛋从过去来到现在的话那过去的他在哪里如果大坏蛋死在了现在那就不会有过去消灭一般人的情节啦越想越不对对完全已经不会花钱看超级英雄电影的我还是能给及格的感情分但其实观影过程中是有许多令我不耐烦的拖沓之处索尔和母亲重逢钢铁侠和小蜘蛛重复两处居然有洋葱我也是不懂自己,一般,差评
没有粉丝滤镜的话就是一个跟流浪地球差不多水平的快餐电影,一般,好评
英雄集结时有燃到同时也看到了去年看完A3时期待的反杀只是不太究极罢了看漫改也好多年了但偏偏不是漫威粉有时我也希望自己是漫威粉怀着这份十一年情怀来看此片想必我也会流着泪说真好啊操他娘的真好啊,一般,差评
看第三部的时候明明有那么多次可以切灭霸手的机会为什么不切手动笑脸,一般,好评
我觉得很不错了商业片剧本写成这样只能给编剧竖个大拇指了我这样妇联系列顶多看过三分之一的人最后也还是蛮感动的应该算是整个系列格局最大的一部了吧filmmaking也算是非常decent了另加一颗星给整个系列的制片人他们完成了影史壮举实在是了不起,一般,好评
所有长篇电视剧最没意思的就是大结局之前给所有角色安排收尾的部分,一般,好评
一支穿云箭千军万马来相见,一般,差评
真的有点烦人人物太多太杂乱了虽然特效一级棒也掩盖不了故事线索太多太乱的问题,一般,好评
还可以了这个系列最煽情的一部了打斗场面比较少可能路人观感一般话说电影也主要是给路人看的 老美就是能雇佣最优秀的编剧拍一场幼稚中二的戏剧击中多数人的味蕾问你服不服,一般,好评
太敷衍了 感觉各位大咖都是不同时间进棚拍的 大量的单人镜头衔接 非常不适,一般,差评
大家都出来时候多少有些激动短发惊奇队长有点帅,一般,差评
还是无限战争更像一部完整的好电影这一部作为电影毛病有点多但是作为一个saga的大结局还是够格的,一般,差评
今夜属于美国翘臀,一般,差评
泡面吃10年也有情怀了跟着家属横跨半个上海去看最好的屏幕而错过哄睡时间唔,一般,差评
OMG finally over,一般,好评
原来蜘蛛侠是漫威的,一般,好评
高级的美国垃圾带不来任何触动感官上的快感也被昏暗的3D效果所剥夺,一般,差评
前面有点冗长了,一般,差评
平平之作没有惊喜无论是世界观还是cp都一般,一般,差评
一般而且把我雷神搞得也太肥了趴,一般,好评
19影25曲终人散扫地大妈说没有彩蛋了钢铁侠片约到期了还要啥彩蛋有个时光机再来打几场啊,一般,好评
弱智漫威超级英雄电影粉丝所谓08至今的漫威电影宇宙超级英雄电影我倒是都看了爆米花剧情很多都很无聊完全理解不了当信仰谈情怀的脑残跟风粉,一般,差评
打三分都算是友情分了这哪是电影分明是联欢晚会,一般,差评
剧情拖沓 我没有情怀,一般,好评
我好像把三又看了一遍,一般,好评
一个整形少女带领一群奇装异服的帮手去杀了她的对自己严苛要求的老父亲并到处寻找宝石的故事呵呵,一般,差评
惊奇队长是得罪了导演罗素兄弟吗作为全村的希望惊奇只是开头负责运送了一艘飞船然后结尾负责破坏了一艘飞船,一般,好评
"最后决战就像一场儿戏包括斯塔克的牺牲都像儿戏毫无史诗感内心毫无波澜感觉就是赶快让所有人露个脸打个几秒钟
最重要的是灭霸在这一部也被塑造成了一个毫无魅力和平庸的配角反派感觉就是个可有可无的东西
不得不提的是那个方脸大妈从出场就突兀到无法言语
真的是毫无史诗感仓促又欠妥",一般,好评
三个小时太长了,一般,好评
還是不能理解全世界大部份觀眾都這麼愛這個系列坐我左右的觀眾都哭了,一般,好评
算是又一个视觉奇观系列的圆满,一般,好评
6十年情怀的终极落幕以至最后甚至连彩蛋都没有其实结局在一年前就早已被粉丝预料所以其实看完内心是没有多少惊喜的mcu10终于画上一个不大不小的句点mcu20何去何从很可能是未来十年好莱坞具有里程碑的拐点,一般,差评
还我Natasha好气哦嘤嘤嘤,一般,差评
可能期望过高没觉得多好看3小时有2小时在逼逼特效大片变文艺情怀片真正精彩的反倒是复联3还有穿越时空回到过去逆转未来的老梗真用到烂了没新意,一般,差评
跟闺蜜一起在电影院看的第一部漫威人类取得最后胜利的原因应该就是因为打出响指后钢铁侠说出的话是我是钢铁侠而不是我是上帝我是天命轰轰烈烈地做自己当个英雄才是得救之道,一般,差评
又是时空穿越的老梗实在是审美疲劳了关键是老梗还玩不好逻辑混乱无力吐槽而且受不了漫威一直坚持地把英雄都设计成话痨的人设就不能好好讲故事吗都最后一部了相比第一部钢铁侠除了堆砌大量的特效镜头外就一点长进也没有了什么I love you three thousand还能再煽情一点么,一般,好评
死了老了回不来了真好,一般,好评
